TraceName,CAT,SUBCAT,TracePath0
bark.cpp-bark-small.coarse_token_gen.1,AIML,Bark,/mnt/galactica/rahbera/tracezoo/champsim/ml/bark.cpp-bark-small.coarse_token_gen.1.champsimtrace.gz
bark.cpp-bark-small.coarse_token_gen.2,AIML,Bark,/mnt/galactica/rahbera/tracezoo/champsim/ml/bark.cpp-bark-small.coarse_token_gen.2.champsimtrace.gz
bark.cpp-bark-small.coarse_token_gen.3,AIML,Bark,/mnt/galactica/rahbera/tracezoo/champsim/ml/bark.cpp-bark-small.coarse_token_gen.3.champsimtrace.gz
bark.cpp-bark-small.coarse_token_gen.4,AIML,Bark,/mnt/galactica/rahbera/tracezoo/champsim/ml/bark.cpp-bark-small.coarse_token_gen.4.champsimtrace.gz
bark.cpp-bark-small.coarse_token_gen.5,AIML,Bark,/mnt/galactica/rahbera/tracezoo/champsim/ml/bark.cpp-bark-small.coarse_token_gen.5.champsimtrace.gz
bark.cpp-bark-small.semantic_token_gen.1,AIML,Bark,/mnt/galactica/rahbera/tracezoo/champsim/ml/bark.cpp-bark-small.semantic_token_gen.1.champsimtrace.gz
bark.cpp-bark-small.semantic_token_gen.2,AIML,Bark,/mnt/galactica/rahbera/tracezoo/champsim/ml/bark.cpp-bark-small.semantic_token_gen.2.champsimtrace.gz
bark.cpp-bark-small.semantic_token_gen.3,AIML,Bark,/mnt/galactica/rahbera/tracezoo/champsim/ml/bark.cpp-bark-small.semantic_token_gen.3.champsimtrace.gz
bark.cpp-bark-small.semantic_token_gen.4,AIML,Bark,/mnt/galactica/rahbera/tracezoo/champsim/ml/bark.cpp-bark-small.semantic_token_gen.4.champsimtrace.gz
bark.cpp-bark-small.semantic_token_gen.5,AIML,Bark,/mnt/galactica/rahbera/tracezoo/champsim/ml/bark.cpp-bark-small.semantic_token_gen.5.champsimtrace.gz
biogpt.cpp-ggml-model-tocilizumab.1,AIML,BioGPT,/mnt/galactica/rahbera/tracezoo/champsim/ml/biogpt.cpp-ggml-model-tocilizumab.1.champsimtrace.gz
biogpt.cpp-ggml-model-tocilizumab.2,AIML,BioGPT,/mnt/galactica/rahbera/tracezoo/champsim/ml/biogpt.cpp-ggml-model-tocilizumab.2.champsimtrace.gz
biogpt.cpp-ggml-model-tocilizumab.3,AIML,BioGPT,/mnt/galactica/rahbera/tracezoo/champsim/ml/biogpt.cpp-ggml-model-tocilizumab.3.champsimtrace.gz
biogpt.cpp-ggml-model-tocilizumab.4,AIML,BioGPT,/mnt/galactica/rahbera/tracezoo/champsim/ml/biogpt.cpp-ggml-model-tocilizumab.4.champsimtrace.gz
biogpt.cpp-ggml-model-tocilizumab.5,AIML,BioGPT,/mnt/galactica/rahbera/tracezoo/champsim/ml/biogpt.cpp-ggml-model-tocilizumab.5.champsimtrace.gz
biogpt.cpp-ggml-model-tocilizumab.6,AIML,BioGPT,/mnt/galactica/rahbera/tracezoo/champsim/ml/biogpt.cpp-ggml-model-tocilizumab.6.champsimtrace.gz
clip_trace_1,AIML,CLIP,/mnt/galactica/rahbera/tracezoo/champsim/ml/clip_trace_1.champsimtrace.gz
clip_trace_2,AIML,CLIP,/mnt/galactica/rahbera/tracezoo/champsim/ml/clip_trace_2.champsimtrace.gz
clip_trace_3,AIML,CLIP,/mnt/galactica/rahbera/tracezoo/champsim/ml/clip_trace_3.champsimtrace.gz
clip_trace_4,AIML,CLIP,/mnt/galactica/rahbera/tracezoo/champsim/ml/clip_trace_4.champsimtrace.gz
clip_trace_5,AIML,CLIP,/mnt/galactica/rahbera/tracezoo/champsim/ml/clip_trace_5.champsimtrace.gz
llama2.c-llama2_7b.10,AIML,Llama2-7B,/mnt/galactica/rahbera/tracezoo/champsim/ml/llama2.c-llama2_7b.10.champsimtrace.gz
llama2.c-llama2_7b.11,AIML,Llama2-7B,/mnt/galactica/rahbera/tracezoo/champsim/ml/llama2.c-llama2_7b.11.champsimtrace.gz
llama2.c-llama2_7b.12,AIML,Llama2-7B,/mnt/galactica/rahbera/tracezoo/champsim/ml/llama2.c-llama2_7b.12.champsimtrace.gz
llama2.c-llama2_7b.13,AIML,Llama2-7B,/mnt/galactica/rahbera/tracezoo/champsim/ml/llama2.c-llama2_7b.13.champsimtrace.gz
llama2.c-llama2_7b.14,AIML,Llama2-7B,/mnt/galactica/rahbera/tracezoo/champsim/ml/llama2.c-llama2_7b.14.champsimtrace.gz
llama2.c-llama2_7b.15,AIML,Llama2-7B,/mnt/galactica/rahbera/tracezoo/champsim/ml/llama2.c-llama2_7b.15.champsimtrace.gz
llama2.c-llama2_7b.16,AIML,Llama2-7B,/mnt/galactica/rahbera/tracezoo/champsim/ml/llama2.c-llama2_7b.16.champsimtrace.gz
llama2.c-llama2_7b.1,AIML,Llama2-7B,/mnt/galactica/rahbera/tracezoo/champsim/ml/llama2.c-llama2_7b.1.champsimtrace.gz
llama2.c-llama2_7b.2,AIML,Llama2-7B,/mnt/galactica/rahbera/tracezoo/champsim/ml/llama2.c-llama2_7b.2.champsimtrace.gz
llama2.c-llama2_7b.3,AIML,Llama2-7B,/mnt/galactica/rahbera/tracezoo/champsim/ml/llama2.c-llama2_7b.3.champsimtrace.gz
llama2.c-llama2_7b.4,AIML,Llama2-7B,/mnt/galactica/rahbera/tracezoo/champsim/ml/llama2.c-llama2_7b.4.champsimtrace.gz
llama2.c-llama2_7b.5,AIML,Llama2-7B,/mnt/galactica/rahbera/tracezoo/champsim/ml/llama2.c-llama2_7b.5.champsimtrace.gz
llama2.c-llama2_7b.6,AIML,Llama2-7B,/mnt/galactica/rahbera/tracezoo/champsim/ml/llama2.c-llama2_7b.6.champsimtrace.gz
llama2.c-llama2_7b.7,AIML,Llama2-7B,/mnt/galactica/rahbera/tracezoo/champsim/ml/llama2.c-llama2_7b.7.champsimtrace.gz
llama2.c-llama2_7b.8,AIML,Llama2-7B,/mnt/galactica/rahbera/tracezoo/champsim/ml/llama2.c-llama2_7b.8.champsimtrace.gz
llama2.c-llama2_7b.9,AIML,Llama2-7B,/mnt/galactica/rahbera/tracezoo/champsim/ml/llama2.c-llama2_7b.9.champsimtrace.gz
llama2.c-stories110M.1,AIML,Llama2-110M,/mnt/galactica/rahbera/tracezoo/champsim/ml/llama2.c-stories110M.1.champsimtrace.gz
llama2.c-stories110M.2,AIML,Llama2-110M,/mnt/galactica/rahbera/tracezoo/champsim/ml/llama2.c-stories110M.2.champsimtrace.gz
llama2.c-stories110M.3,AIML,Llama2-110M,/mnt/galactica/rahbera/tracezoo/champsim/ml/llama2.c-stories110M.3.champsimtrace.gz
llama2.c-stories15M.1,AIML,Llama2-15M,/mnt/galactica/rahbera/tracezoo/champsim/ml/llama2.c-stories15M.1.champsimtrace.gz
llama2.c-stories15M.2,AIML,Llama2-15M,/mnt/galactica/rahbera/tracezoo/champsim/ml/llama2.c-stories15M.2.champsimtrace.gz
llama2.c-stories15M.3,AIML,Llama2-15M,/mnt/galactica/rahbera/tracezoo/champsim/ml/llama2.c-stories15M.3.champsimtrace.gz
llama2.c-stories42M.1,AIML,Llama2-42M,/mnt/galactica/rahbera/tracezoo/champsim/ml/llama2.c-stories42M.1.champsimtrace.gz
llama2.c-stories42M.2,AIML,Llama2-42M,/mnt/galactica/rahbera/tracezoo/champsim/ml/llama2.c-stories42M.2.champsimtrace.gz
llama2.c-stories42M.3,AIML,Llama2-42M,/mnt/galactica/rahbera/tracezoo/champsim/ml/llama2.c-stories42M.3.champsimtrace.gz
rwkv_trace_2,AIML,RWKV,/mnt/galactica/rahbera/tracezoo/champsim/ml/rwkv_trace_2.champsimtrace.gz
rwkv_trace_3,AIML,RWKV,/mnt/galactica/rahbera/tracezoo/champsim/ml/rwkv_trace_3.champsimtrace.gz
rwkv_trace_4,AIML,RWKV,/mnt/galactica/rahbera/tracezoo/champsim/ml/rwkv_trace_4.champsimtrace.gz
rwkv_trace_5,AIML,RWKV,/mnt/galactica/rahbera/tracezoo/champsim/ml/rwkv_trace_5.champsimtrace.gz
rwkv_trace_6,AIML,RWKV,/mnt/galactica/rahbera/tracezoo/champsim/ml/rwkv_trace_6.champsimtrace.gz
stable-diffusion.cpp-sd-v1-4.ckpt.1,AIML,SD-v1.4,/mnt/galactica/rahbera/tracezoo/champsim/ml/stable-diffusion.cpp-sd-v1-4.ckpt.1.champsimtrace.gz
stable-diffusion.cpp-sd-v1-4.ckpt.2,AIML,SD-v1.4,/mnt/galactica/rahbera/tracezoo/champsim/ml/stable-diffusion.cpp-sd-v1-4.ckpt.2.champsimtrace.gz
stable-diffusion.cpp-sd-v1-4.ckpt.3,AIML,SD-v1.4,/mnt/galactica/rahbera/tracezoo/champsim/ml/stable-diffusion.cpp-sd-v1-4.ckpt.3.champsimtrace.gz
stable-diffusion.cpp-sd-v1-4.ckpt.4,AIML,SD-v1.4,/mnt/galactica/rahbera/tracezoo/champsim/ml/stable-diffusion.cpp-sd-v1-4.ckpt.4.champsimtrace.gz
stable-diffusion.cpp-sd-v1-4.ckpt.5,AIML,SD-v1.4,/mnt/galactica/rahbera/tracezoo/champsim/ml/stable-diffusion.cpp-sd-v1-4.ckpt.5.champsimtrace.gz
stable-diffusion.cpp-v1-5-pruned-emaonly.1,AIML,SD-v1.5,/mnt/galactica/rahbera/tracezoo/champsim/ml/stable-diffusion.cpp-v1-5-pruned-emaonly.1.champsimtrace.gz
stable-diffusion.cpp-v1-5-pruned-emaonly.2,AIML,SD-v1.5,/mnt/galactica/rahbera/tracezoo/champsim/ml/stable-diffusion.cpp-v1-5-pruned-emaonly.2.champsimtrace.gz
stable-diffusion.cpp-v1-5-pruned-emaonly.3,AIML,SD-v1.5,/mnt/galactica/rahbera/tracezoo/champsim/ml/stable-diffusion.cpp-v1-5-pruned-emaonly.3.champsimtrace.gz
stable-diffusion.cpp-v1-5-pruned-emaonly.4,AIML,SD-v1.5,/mnt/galactica/rahbera/tracezoo/champsim/ml/stable-diffusion.cpp-v1-5-pruned-emaonly.4.champsimtrace.gz
stable-diffusion.cpp-v1-5-pruned-emaonly.5,AIML,SD-v1.5,/mnt/galactica/rahbera/tracezoo/champsim/ml/stable-diffusion.cpp-v1-5-pruned-emaonly.5.champsimtrace.gz
stable-diffusion.cpp-v2-1_768-nonema-pruned.1,AIML,SD-v2,/mnt/galactica/rahbera/tracezoo/champsim/ml/stable-diffusion.cpp-v2-1_768-nonema-pruned.1.champsimtrace.gz
stable-diffusion.cpp-v2-1_768-nonema-pruned.2,AIML,SD-v2,/mnt/galactica/rahbera/tracezoo/champsim/ml/stable-diffusion.cpp-v2-1_768-nonema-pruned.2.champsimtrace.gz
stable-diffusion.cpp-v2-1_768-nonema-pruned.3,AIML,SD-v2,/mnt/galactica/rahbera/tracezoo/champsim/ml/stable-diffusion.cpp-v2-1_768-nonema-pruned.3.champsimtrace.gz
stable-diffusion.cpp-v2-1_768-nonema-pruned.4,AIML,SD-v2,/mnt/galactica/rahbera/tracezoo/champsim/ml/stable-diffusion.cpp-v2-1_768-nonema-pruned.4.champsimtrace.gz
stable-diffusion.cpp-v2-1_768-nonema-pruned.5,AIML,SD-v2,/mnt/galactica/rahbera/tracezoo/champsim/ml/stable-diffusion.cpp-v2-1_768-nonema-pruned.5.champsimtrace.gz
vit.cpp-base-ggml-model-f16.gguf.armadillo.1,AIML,ViT,/mnt/galactica/rahbera/tracezoo/champsim/ml/vit.cpp-base-ggml-model-f16.gguf.armadillo.1.champsimtrace.gz
vit.cpp-base-ggml-model-f16.gguf.armadillo.2,AIML,ViT,/mnt/galactica/rahbera/tracezoo/champsim/ml/vit.cpp-base-ggml-model-f16.gguf.armadillo.2.champsimtrace.gz
vit.cpp-large-ggml-model-f16.gguf.armadillo.1,AIML,ViT,/mnt/galactica/rahbera/tracezoo/champsim/ml/vit.cpp-large-ggml-model-f16.gguf.armadillo.1.champsimtrace.gz
vit.cpp-large-ggml-model-f16.gguf.armadillo.2,AIML,ViT,/mnt/galactica/rahbera/tracezoo/champsim/ml/vit.cpp-large-ggml-model-f16.gguf.armadillo.2.champsimtrace.gz
vit.cpp-large-ggml-model-f16.gguf.armadillo.3,AIML,ViT,/mnt/galactica/rahbera/tracezoo/champsim/ml/vit.cpp-large-ggml-model-f16.gguf.armadillo.3.champsimtrace.gz
vit.cpp-large-ggml-model-f16.gguf.armadillo.4,AIML,ViT,/mnt/galactica/rahbera/tracezoo/champsim/ml/vit.cpp-large-ggml-model-f16.gguf.armadillo.4.champsimtrace.gz
whisper_trace_1,AIML,Whisper,/mnt/galactica/rahbera/tracezoo/champsim/ml/whisper_trace_1.champsimtrace.gz
whisper_trace_2,AIML,Whisper,/mnt/galactica/rahbera/tracezoo/champsim/ml/whisper_trace_2.champsimtrace.gz
whisper_trace_3,AIML,Whisper,/mnt/galactica/rahbera/tracezoo/champsim/ml/whisper_trace_3.champsimtrace.gz
whisper_trace_4,AIML,Whisper,/mnt/galactica/rahbera/tracezoo/champsim/ml/whisper_trace_4.champsimtrace.gz
whisper_trace_5,AIML,Whisper,/mnt/galactica/rahbera/tracezoo/champsim/ml/whisper_trace_5.champsimtrace.gz
whisper_trace_6,AIML,Whisper,/mnt/galactica/rahbera/tracezoo/champsim/ml/whisper_trace_6.champsimtrace.gz
whisper_trace_7,AIML,Whisper,/mnt/galactica/rahbera/tracezoo/champsim/ml/whisper_trace_7.champsimtrace.gz
whisper_trace_8,AIML,Whisper,/mnt/galactica/rahbera/tracezoo/champsim/ml/whisper_trace_8.champsimtrace.gz
arizona_0000,Google,Arizona,/mnt/galactica/google-dpc4/gtrace_v2_champsim_1.3Binstr/arizona/arizona_0000.champsim.gz
arizona_0001,Google,Arizona,/mnt/galactica/google-dpc4/gtrace_v2_champsim_1.3Binstr/arizona/arizona_0001.champsim.gz
arizona_0002,Google,Arizona,/mnt/galactica/google-dpc4/gtrace_v2_champsim_1.3Binstr/arizona/arizona_0002.champsim.gz
arizona_0003,Google,Arizona,/mnt/galactica/google-dpc4/gtrace_v2_champsim_1.3Binstr/arizona/arizona_0003.champsim.gz
arizona_0004,Google,Arizona,/mnt/galactica/google-dpc4/gtrace_v2_champsim_1.3Binstr/arizona/arizona_0004.champsim.gz
arizona_0005,Google,Arizona,/mnt/galactica/google-dpc4/gtrace_v2_champsim_1.3Binstr/arizona/arizona_0005.champsim.gz
bravo.a_0000,Google,Bravo,/mnt/galactica/google-dpc4/gtrace_v2_champsim_1.3Binstr/bravo.a/bravo.a_0000.champsim.gz
bravo.a_0001,Google,Bravo,/mnt/galactica/google-dpc4/gtrace_v2_champsim_1.3Binstr/bravo.a/bravo.a_0001.champsim.gz
bravo.a_0002,Google,Bravo,/mnt/galactica/google-dpc4/gtrace_v2_champsim_1.3Binstr/bravo.a/bravo.a_0002.champsim.gz
charlie_0000,Google,Charlie,/mnt/galactica/google-dpc4/gtrace_v2_champsim_1.3Binstr/charlie/charlie_0000.champsim.gz
charlie_0001,Google,Charlie,/mnt/galactica/google-dpc4/gtrace_v2_champsim_1.3Binstr/charlie/charlie_0001.champsim.gz
charlie_0002,Google,Charlie,/mnt/galactica/google-dpc4/gtrace_v2_champsim_1.3Binstr/charlie/charlie_0002.champsim.gz
charlie_0003,Google,Charlie,/mnt/galactica/google-dpc4/gtrace_v2_champsim_1.3Binstr/charlie/charlie_0003.champsim.gz
charlie_0004,Google,Charlie,/mnt/galactica/google-dpc4/gtrace_v2_champsim_1.3Binstr/charlie/charlie_0004.champsim.gz
charlie_0005,Google,Charlie,/mnt/galactica/google-dpc4/gtrace_v2_champsim_1.3Binstr/charlie/charlie_0005.champsim.gz
charlie_0006,Google,Charlie,/mnt/galactica/google-dpc4/gtrace_v2_champsim_1.3Binstr/charlie/charlie_0006.champsim.gz
charlie_0007,Google,Charlie,/mnt/galactica/google-dpc4/gtrace_v2_champsim_1.3Binstr/charlie/charlie_0007.champsim.gz
charlie_0008,Google,Charlie,/mnt/galactica/google-dpc4/gtrace_v2_champsim_1.3Binstr/charlie/charlie_0008.champsim.gz
charlie_0009,Google,Charlie,/mnt/galactica/google-dpc4/gtrace_v2_champsim_1.3Binstr/charlie/charlie_0009.champsim.gz
charlie_0010,Google,Charlie,/mnt/galactica/google-dpc4/gtrace_v2_champsim_1.3Binstr/charlie/charlie_0010.champsim.gz
charlie_0011,Google,Charlie,/mnt/galactica/google-dpc4/gtrace_v2_champsim_1.3Binstr/charlie/charlie_0011.champsim.gz
charlie_0012,Google,Charlie,/mnt/galactica/google-dpc4/gtrace_v2_champsim_1.3Binstr/charlie/charlie_0012.champsim.gz
charlie_0013,Google,Charlie,/mnt/galactica/google-dpc4/gtrace_v2_champsim_1.3Binstr/charlie/charlie_0013.champsim.gz
charlie_0014,Google,Charlie,/mnt/galactica/google-dpc4/gtrace_v2_champsim_1.3Binstr/charlie/charlie_0014.champsim.gz
charlie_0015,Google,Charlie,/mnt/galactica/google-dpc4/gtrace_v2_champsim_1.3Binstr/charlie/charlie_0015.champsim.gz
charlie_0016,Google,Charlie,/mnt/galactica/google-dpc4/gtrace_v2_champsim_1.3Binstr/charlie/charlie_0016.champsim.gz
charlie_0017,Google,Charlie,/mnt/galactica/google-dpc4/gtrace_v2_champsim_1.3Binstr/charlie/charlie_0017.champsim.gz
charlie_0018,Google,Charlie,/mnt/galactica/google-dpc4/gtrace_v2_champsim_1.3Binstr/charlie/charlie_0018.champsim.gz
charlie_0019,Google,Charlie,/mnt/galactica/google-dpc4/gtrace_v2_champsim_1.3Binstr/charlie/charlie_0019.champsim.gz
charlie_0020,Google,Charlie,/mnt/galactica/google-dpc4/gtrace_v2_champsim_1.3Binstr/charlie/charlie_0020.champsim.gz
charlie_0021,Google,Charlie,/mnt/galactica/google-dpc4/gtrace_v2_champsim_1.3Binstr/charlie/charlie_0021.champsim.gz
delta_0000,Google,Delta,/mnt/galactica/google-dpc4/gtrace_v2_champsim_1.3Binstr/delta/delta_0000.champsim.gz
delta_0001,Google,Delta,/mnt/galactica/google-dpc4/gtrace_v2_champsim_1.3Binstr/delta/delta_0001.champsim.gz
delta_0002,Google,Delta,/mnt/galactica/google-dpc4/gtrace_v2_champsim_1.3Binstr/delta/delta_0002.champsim.gz
delta_0003,Google,Delta,/mnt/galactica/google-dpc4/gtrace_v2_champsim_1.3Binstr/delta/delta_0003.champsim.gz
merced_0000,Google,Merced,/mnt/galactica/google-dpc4/gtrace_v2_champsim_1.3Binstr/merced/merced_0000.champsim.gz
merced_0001,Google,Merced,/mnt/galactica/google-dpc4/gtrace_v2_champsim_1.3Binstr/merced/merced_0001.champsim.gz
merced_0002,Google,Merced,/mnt/galactica/google-dpc4/gtrace_v2_champsim_1.3Binstr/merced/merced_0002.champsim.gz
merced_0003,Google,Merced,/mnt/galactica/google-dpc4/gtrace_v2_champsim_1.3Binstr/merced/merced_0003.champsim.gz
merced_0004,Google,Merced,/mnt/galactica/google-dpc4/gtrace_v2_champsim_1.3Binstr/merced/merced_0004.champsim.gz
merced_0005,Google,Merced,/mnt/galactica/google-dpc4/gtrace_v2_champsim_1.3Binstr/merced/merced_0005.champsim.gz
merced_0006,Google,Merced,/mnt/galactica/google-dpc4/gtrace_v2_champsim_1.3Binstr/merced/merced_0006.champsim.gz
merced_0007,Google,Merced,/mnt/galactica/google-dpc4/gtrace_v2_champsim_1.3Binstr/merced/merced_0007.champsim.gz
merced_0008,Google,Merced,/mnt/galactica/google-dpc4/gtrace_v2_champsim_1.3Binstr/merced/merced_0008.champsim.gz
merced_0009,Google,Merced,/mnt/galactica/google-dpc4/gtrace_v2_champsim_1.3Binstr/merced/merced_0009.champsim.gz
merced_0010,Google,Merced,/mnt/galactica/google-dpc4/gtrace_v2_champsim_1.3Binstr/merced/merced_0010.champsim.gz
merced_0011,Google,Merced,/mnt/galactica/google-dpc4/gtrace_v2_champsim_1.3Binstr/merced/merced_0011.champsim.gz
merced_0012,Google,Merced,/mnt/galactica/google-dpc4/gtrace_v2_champsim_1.3Binstr/merced/merced_0012.champsim.gz
merced_0013,Google,Merced,/mnt/galactica/google-dpc4/gtrace_v2_champsim_1.3Binstr/merced/merced_0013.champsim.gz
merced_0014,Google,Merced,/mnt/galactica/google-dpc4/gtrace_v2_champsim_1.3Binstr/merced/merced_0014.champsim.gz
merced_0015,Google,Merced,/mnt/galactica/google-dpc4/gtrace_v2_champsim_1.3Binstr/merced/merced_0015.champsim.gz
merced_0016,Google,Merced,/mnt/galactica/google-dpc4/gtrace_v2_champsim_1.3Binstr/merced/merced_0016.champsim.gz
merced_0017,Google,Merced,/mnt/galactica/google-dpc4/gtrace_v2_champsim_1.3Binstr/merced/merced_0017.champsim.gz
merced_0018,Google,Merced,/mnt/galactica/google-dpc4/gtrace_v2_champsim_1.3Binstr/merced/merced_0018.champsim.gz
merced_0019,Google,Merced,/mnt/galactica/google-dpc4/gtrace_v2_champsim_1.3Binstr/merced/merced_0019.champsim.gz
merced_0020,Google,Merced,/mnt/galactica/google-dpc4/gtrace_v2_champsim_1.3Binstr/merced/merced_0020.champsim.gz
merced_0021,Google,Merced,/mnt/galactica/google-dpc4/gtrace_v2_champsim_1.3Binstr/merced/merced_0021.champsim.gz
merced_0022,Google,Merced,/mnt/galactica/google-dpc4/gtrace_v2_champsim_1.3Binstr/merced/merced_0022.champsim.gz
merced_0023,Google,Merced,/mnt/galactica/google-dpc4/gtrace_v2_champsim_1.3Binstr/merced/merced_0023.champsim.gz
merced_0024,Google,Merced,/mnt/galactica/google-dpc4/gtrace_v2_champsim_1.3Binstr/merced/merced_0024.champsim.gz
merced_0025,Google,Merced,/mnt/galactica/google-dpc4/gtrace_v2_champsim_1.3Binstr/merced/merced_0025.champsim.gz
merced_0026,Google,Merced,/mnt/galactica/google-dpc4/gtrace_v2_champsim_1.3Binstr/merced/merced_0026.champsim.gz
merced_0027,Google,Merced,/mnt/galactica/google-dpc4/gtrace_v2_champsim_1.3Binstr/merced/merced_0027.champsim.gz
merced_0028,Google,Merced,/mnt/galactica/google-dpc4/gtrace_v2_champsim_1.3Binstr/merced/merced_0028.champsim.gz
merced_0029,Google,Merced,/mnt/galactica/google-dpc4/gtrace_v2_champsim_1.3Binstr/merced/merced_0029.champsim.gz
merced_0030,Google,Merced,/mnt/galactica/google-dpc4/gtrace_v2_champsim_1.3Binstr/merced/merced_0030.champsim.gz
merced_0031,Google,Merced,/mnt/galactica/google-dpc4/gtrace_v2_champsim_1.3Binstr/merced/merced_0031.champsim.gz
merced_0032,Google,Merced,/mnt/galactica/google-dpc4/gtrace_v2_champsim_1.3Binstr/merced/merced_0032.champsim.gz
merced_0033,Google,Merced,/mnt/galactica/google-dpc4/gtrace_v2_champsim_1.3Binstr/merced/merced_0033.champsim.gz
merced_0034,Google,Merced,/mnt/galactica/google-dpc4/gtrace_v2_champsim_1.3Binstr/merced/merced_0034.champsim.gz
merced_0035,Google,Merced,/mnt/galactica/google-dpc4/gtrace_v2_champsim_1.3Binstr/merced/merced_0035.champsim.gz
merced_0036,Google,Merced,/mnt/galactica/google-dpc4/gtrace_v2_champsim_1.3Binstr/merced/merced_0036.champsim.gz
merced_0037,Google,Merced,/mnt/galactica/google-dpc4/gtrace_v2_champsim_1.3Binstr/merced/merced_0037.champsim.gz
merced_0038,Google,Merced,/mnt/galactica/google-dpc4/gtrace_v2_champsim_1.3Binstr/merced/merced_0038.champsim.gz
merced_0039,Google,Merced,/mnt/galactica/google-dpc4/gtrace_v2_champsim_1.3Binstr/merced/merced_0039.champsim.gz
merced_0040,Google,Merced,/mnt/galactica/google-dpc4/gtrace_v2_champsim_1.3Binstr/merced/merced_0040.champsim.gz
merced_0041,Google,Merced,/mnt/galactica/google-dpc4/gtrace_v2_champsim_1.3Binstr/merced/merced_0041.champsim.gz
merced_0042,Google,Merced,/mnt/galactica/google-dpc4/gtrace_v2_champsim_1.3Binstr/merced/merced_0042.champsim.gz
merced_0043,Google,Merced,/mnt/galactica/google-dpc4/gtrace_v2_champsim_1.3Binstr/merced/merced_0043.champsim.gz
merced_0044,Google,Merced,/mnt/galactica/google-dpc4/gtrace_v2_champsim_1.3Binstr/merced/merced_0044.champsim.gz
merced_0045,Google,Merced,/mnt/galactica/google-dpc4/gtrace_v2_champsim_1.3Binstr/merced/merced_0045.champsim.gz
merced_0046,Google,Merced,/mnt/galactica/google-dpc4/gtrace_v2_champsim_1.3Binstr/merced/merced_0046.champsim.gz
merced_0047,Google,Merced,/mnt/galactica/google-dpc4/gtrace_v2_champsim_1.3Binstr/merced/merced_0047.champsim.gz
merced_0048,Google,Merced,/mnt/galactica/google-dpc4/gtrace_v2_champsim_1.3Binstr/merced/merced_0048.champsim.gz
merced_0049,Google,Merced,/mnt/galactica/google-dpc4/gtrace_v2_champsim_1.3Binstr/merced/merced_0049.champsim.gz
merced_0050,Google,Merced,/mnt/galactica/google-dpc4/gtrace_v2_champsim_1.3Binstr/merced/merced_0050.champsim.gz
merced_0051,Google,Merced,/mnt/galactica/google-dpc4/gtrace_v2_champsim_1.3Binstr/merced/merced_0051.champsim.gz
merced_0052,Google,Merced,/mnt/galactica/google-dpc4/gtrace_v2_champsim_1.3Binstr/merced/merced_0052.champsim.gz
merced_0053,Google,Merced,/mnt/galactica/google-dpc4/gtrace_v2_champsim_1.3Binstr/merced/merced_0053.champsim.gz
merced_0054,Google,Merced,/mnt/galactica/google-dpc4/gtrace_v2_champsim_1.3Binstr/merced/merced_0054.champsim.gz
merced_0055,Google,Merced,/mnt/galactica/google-dpc4/gtrace_v2_champsim_1.3Binstr/merced/merced_0055.champsim.gz
merced_0056,Google,Merced,/mnt/galactica/google-dpc4/gtrace_v2_champsim_1.3Binstr/merced/merced_0056.champsim.gz
merced_0057,Google,Merced,/mnt/galactica/google-dpc4/gtrace_v2_champsim_1.3Binstr/merced/merced_0057.champsim.gz
merced_0058,Google,Merced,/mnt/galactica/google-dpc4/gtrace_v2_champsim_1.3Binstr/merced/merced_0058.champsim.gz
merced_0059,Google,Merced,/mnt/galactica/google-dpc4/gtrace_v2_champsim_1.3Binstr/merced/merced_0059.champsim.gz
merced_0060,Google,Merced,/mnt/galactica/google-dpc4/gtrace_v2_champsim_1.3Binstr/merced/merced_0060.champsim.gz
merced_0061,Google,Merced,/mnt/galactica/google-dpc4/gtrace_v2_champsim_1.3Binstr/merced/merced_0061.champsim.gz
merced_0062,Google,Merced,/mnt/galactica/google-dpc4/gtrace_v2_champsim_1.3Binstr/merced/merced_0062.champsim.gz
merced_0063,Google,Merced,/mnt/galactica/google-dpc4/gtrace_v2_champsim_1.3Binstr/merced/merced_0063.champsim.gz
merced_0064,Google,Merced,/mnt/galactica/google-dpc4/gtrace_v2_champsim_1.3Binstr/merced/merced_0064.champsim.gz
merced_0065,Google,Merced,/mnt/galactica/google-dpc4/gtrace_v2_champsim_1.3Binstr/merced/merced_0065.champsim.gz
merced_0066,Google,Merced,/mnt/galactica/google-dpc4/gtrace_v2_champsim_1.3Binstr/merced/merced_0066.champsim.gz
merced_0067,Google,Merced,/mnt/galactica/google-dpc4/gtrace_v2_champsim_1.3Binstr/merced/merced_0067.champsim.gz
merced_0068,Google,Merced,/mnt/galactica/google-dpc4/gtrace_v2_champsim_1.3Binstr/merced/merced_0068.champsim.gz
merced_0069,Google,Merced,/mnt/galactica/google-dpc4/gtrace_v2_champsim_1.3Binstr/merced/merced_0069.champsim.gz
merced_0070,Google,Merced,/mnt/galactica/google-dpc4/gtrace_v2_champsim_1.3Binstr/merced/merced_0070.champsim.gz
merced_0071,Google,Merced,/mnt/galactica/google-dpc4/gtrace_v2_champsim_1.3Binstr/merced/merced_0071.champsim.gz
merced_0072,Google,Merced,/mnt/galactica/google-dpc4/gtrace_v2_champsim_1.3Binstr/merced/merced_0072.champsim.gz
merced_0073,Google,Merced,/mnt/galactica/google-dpc4/gtrace_v2_champsim_1.3Binstr/merced/merced_0073.champsim.gz
merced_0074,Google,Merced,/mnt/galactica/google-dpc4/gtrace_v2_champsim_1.3Binstr/merced/merced_0074.champsim.gz
merced_0075,Google,Merced,/mnt/galactica/google-dpc4/gtrace_v2_champsim_1.3Binstr/merced/merced_0075.champsim.gz
merced_0076,Google,Merced,/mnt/galactica/google-dpc4/gtrace_v2_champsim_1.3Binstr/merced/merced_0076.champsim.gz
merced_0077,Google,Merced,/mnt/galactica/google-dpc4/gtrace_v2_champsim_1.3Binstr/merced/merced_0077.champsim.gz
merced_0078,Google,Merced,/mnt/galactica/google-dpc4/gtrace_v2_champsim_1.3Binstr/merced/merced_0078.champsim.gz
merced_0079,Google,Merced,/mnt/galactica/google-dpc4/gtrace_v2_champsim_1.3Binstr/merced/merced_0079.champsim.gz
merced_0080,Google,Merced,/mnt/galactica/google-dpc4/gtrace_v2_champsim_1.3Binstr/merced/merced_0080.champsim.gz
merced_0081,Google,Merced,/mnt/galactica/google-dpc4/gtrace_v2_champsim_1.3Binstr/merced/merced_0081.champsim.gz
merced_0082,Google,Merced,/mnt/galactica/google-dpc4/gtrace_v2_champsim_1.3Binstr/merced/merced_0082.champsim.gz
merced_0083,Google,Merced,/mnt/galactica/google-dpc4/gtrace_v2_champsim_1.3Binstr/merced/merced_0083.champsim.gz
merced_0084,Google,Merced,/mnt/galactica/google-dpc4/gtrace_v2_champsim_1.3Binstr/merced/merced_0084.champsim.gz
merced_0085,Google,Merced,/mnt/galactica/google-dpc4/gtrace_v2_champsim_1.3Binstr/merced/merced_0085.champsim.gz
merced_0086,Google,Merced,/mnt/galactica/google-dpc4/gtrace_v2_champsim_1.3Binstr/merced/merced_0086.champsim.gz
merced_0087,Google,Merced,/mnt/galactica/google-dpc4/gtrace_v2_champsim_1.3Binstr/merced/merced_0087.champsim.gz
merced_0088,Google,Merced,/mnt/galactica/google-dpc4/gtrace_v2_champsim_1.3Binstr/merced/merced_0088.champsim.gz
sierra.a.3_0000,Google,Sierra.a.3,/mnt/galactica/google-dpc4/gtrace_v2_champsim_1.3Binstr/sierra.a.3/sierra.a.3_0000.champsim.gz
sierra.a.3_0001,Google,Sierra.a.3,/mnt/galactica/google-dpc4/gtrace_v2_champsim_1.3Binstr/sierra.a.3/sierra.a.3_0001.champsim.gz
sierra.a.3_0002,Google,Sierra.a.3,/mnt/galactica/google-dpc4/gtrace_v2_champsim_1.3Binstr/sierra.a.3/sierra.a.3_0002.champsim.gz
sierra.a.3_0003,Google,Sierra.a.3,/mnt/galactica/google-dpc4/gtrace_v2_champsim_1.3Binstr/sierra.a.3/sierra.a.3_0003.champsim.gz
sierra.a.3_0004,Google,Sierra.a.3,/mnt/galactica/google-dpc4/gtrace_v2_champsim_1.3Binstr/sierra.a.3/sierra.a.3_0004.champsim.gz
sierra.a.3_0005,Google,Sierra.a.3,/mnt/galactica/google-dpc4/gtrace_v2_champsim_1.3Binstr/sierra.a.3/sierra.a.3_0005.champsim.gz
sierra.a.3_0006,Google,Sierra.a.3,/mnt/galactica/google-dpc4/gtrace_v2_champsim_1.3Binstr/sierra.a.3/sierra.a.3_0006.champsim.gz
sierra.a.3_0007,Google,Sierra.a.3,/mnt/galactica/google-dpc4/gtrace_v2_champsim_1.3Binstr/sierra.a.3/sierra.a.3_0007.champsim.gz
sierra.a.3_0008,Google,Sierra.a.3,/mnt/galactica/google-dpc4/gtrace_v2_champsim_1.3Binstr/sierra.a.3/sierra.a.3_0008.champsim.gz
sierra.a.3_0009,Google,Sierra.a.3,/mnt/galactica/google-dpc4/gtrace_v2_champsim_1.3Binstr/sierra.a.3/sierra.a.3_0009.champsim.gz
sierra.a.3_0010,Google,Sierra.a.3,/mnt/galactica/google-dpc4/gtrace_v2_champsim_1.3Binstr/sierra.a.3/sierra.a.3_0010.champsim.gz
sierra.a.3_0011,Google,Sierra.a.3,/mnt/galactica/google-dpc4/gtrace_v2_champsim_1.3Binstr/sierra.a.3/sierra.a.3_0011.champsim.gz
sierra.a.3_0012,Google,Sierra.a.3,/mnt/galactica/google-dpc4/gtrace_v2_champsim_1.3Binstr/sierra.a.3/sierra.a.3_0012.champsim.gz
sierra.a.3_0013,Google,Sierra.a.3,/mnt/galactica/google-dpc4/gtrace_v2_champsim_1.3Binstr/sierra.a.3/sierra.a.3_0013.champsim.gz
sierra.a.3_0014,Google,Sierra.a.3,/mnt/galactica/google-dpc4/gtrace_v2_champsim_1.3Binstr/sierra.a.3/sierra.a.3_0014.champsim.gz
sierra.a.3_0015,Google,Sierra.a.3,/mnt/galactica/google-dpc4/gtrace_v2_champsim_1.3Binstr/sierra.a.3/sierra.a.3_0015.champsim.gz
sierra.a.3_0016,Google,Sierra.a.3,/mnt/galactica/google-dpc4/gtrace_v2_champsim_1.3Binstr/sierra.a.3/sierra.a.3_0016.champsim.gz
sierra.a.4_0000,Google,Sierra.a.4,/mnt/galactica/google-dpc4/gtrace_v2_champsim_1.3Binstr/sierra.a.4/sierra.a.4_0000.champsim.gz
sierra.a.4_0001,Google,Sierra.a.4,/mnt/galactica/google-dpc4/gtrace_v2_champsim_1.3Binstr/sierra.a.4/sierra.a.4_0001.champsim.gz
sierra.a.4_0002,Google,Sierra.a.4,/mnt/galactica/google-dpc4/gtrace_v2_champsim_1.3Binstr/sierra.a.4/sierra.a.4_0002.champsim.gz
sierra.a.4_0003,Google,Sierra.a.4,/mnt/galactica/google-dpc4/gtrace_v2_champsim_1.3Binstr/sierra.a.4/sierra.a.4_0003.champsim.gz
sierra.a.4_0004,Google,Sierra.a.4,/mnt/galactica/google-dpc4/gtrace_v2_champsim_1.3Binstr/sierra.a.4/sierra.a.4_0004.champsim.gz
sierra.a.4_0005,Google,Sierra.a.4,/mnt/galactica/google-dpc4/gtrace_v2_champsim_1.3Binstr/sierra.a.4/sierra.a.4_0005.champsim.gz
sierra.a.4_0006,Google,Sierra.a.4,/mnt/galactica/google-dpc4/gtrace_v2_champsim_1.3Binstr/sierra.a.4/sierra.a.4_0006.champsim.gz
sierra.a.4_0007,Google,Sierra.a.4,/mnt/galactica/google-dpc4/gtrace_v2_champsim_1.3Binstr/sierra.a.4/sierra.a.4_0007.champsim.gz
sierra.a.4_0008,Google,Sierra.a.4,/mnt/galactica/google-dpc4/gtrace_v2_champsim_1.3Binstr/sierra.a.4/sierra.a.4_0008.champsim.gz
sierra.a.4_0009,Google,Sierra.a.4,/mnt/galactica/google-dpc4/gtrace_v2_champsim_1.3Binstr/sierra.a.4/sierra.a.4_0009.champsim.gz
sierra.a.4_0010,Google,Sierra.a.4,/mnt/galactica/google-dpc4/gtrace_v2_champsim_1.3Binstr/sierra.a.4/sierra.a.4_0010.champsim.gz
sierra.a.4_0011,Google,Sierra.a.4,/mnt/galactica/google-dpc4/gtrace_v2_champsim_1.3Binstr/sierra.a.4/sierra.a.4_0011.champsim.gz
sierra.a.4_0012,Google,Sierra.a.4,/mnt/galactica/google-dpc4/gtrace_v2_champsim_1.3Binstr/sierra.a.4/sierra.a.4_0012.champsim.gz
sierra.a.4_0013,Google,Sierra.a.4,/mnt/galactica/google-dpc4/gtrace_v2_champsim_1.3Binstr/sierra.a.4/sierra.a.4_0013.champsim.gz
sierra.a.4_0014,Google,Sierra.a.4,/mnt/galactica/google-dpc4/gtrace_v2_champsim_1.3Binstr/sierra.a.4/sierra.a.4_0014.champsim.gz
sierra.a.4_0015,Google,Sierra.a.4,/mnt/galactica/google-dpc4/gtrace_v2_champsim_1.3Binstr/sierra.a.4/sierra.a.4_0015.champsim.gz
sierra.a.4_0016,Google,Sierra.a.4,/mnt/galactica/google-dpc4/gtrace_v2_champsim_1.3Binstr/sierra.a.4/sierra.a.4_0016.champsim.gz
sierra.a.4_0017,Google,Sierra.a.4,/mnt/galactica/google-dpc4/gtrace_v2_champsim_1.3Binstr/sierra.a.4/sierra.a.4_0017.champsim.gz
sierra.a.4_0018,Google,Sierra.a.4,/mnt/galactica/google-dpc4/gtrace_v2_champsim_1.3Binstr/sierra.a.4/sierra.a.4_0018.champsim.gz
sierra.a.4_0019,Google,Sierra.a.4,/mnt/galactica/google-dpc4/gtrace_v2_champsim_1.3Binstr/sierra.a.4/sierra.a.4_0019.champsim.gz
sierra.a.4_0020,Google,Sierra.a.4,/mnt/galactica/google-dpc4/gtrace_v2_champsim_1.3Binstr/sierra.a.4/sierra.a.4_0020.champsim.gz
sierra.a.4_0021,Google,Sierra.a.4,/mnt/galactica/google-dpc4/gtrace_v2_champsim_1.3Binstr/sierra.a.4/sierra.a.4_0021.champsim.gz
sierra.a.4_0022,Google,Sierra.a.4,/mnt/galactica/google-dpc4/gtrace_v2_champsim_1.3Binstr/sierra.a.4/sierra.a.4_0022.champsim.gz
sierra.a.4_0023,Google,Sierra.a.4,/mnt/galactica/google-dpc4/gtrace_v2_champsim_1.3Binstr/sierra.a.4/sierra.a.4_0023.champsim.gz
sierra.a.6_0000,Google,Sierra.a.6,/mnt/galactica/google-dpc4/gtrace_v2_champsim_1.3Binstr/sierra.a.6/sierra.a.6_0000.champsim.gz
sierra.a.6_0001,Google,Sierra.a.6,/mnt/galactica/google-dpc4/gtrace_v2_champsim_1.3Binstr/sierra.a.6/sierra.a.6_0001.champsim.gz
sierra.a.6_0002,Google,Sierra.a.6,/mnt/galactica/google-dpc4/gtrace_v2_champsim_1.3Binstr/sierra.a.6/sierra.a.6_0002.champsim.gz
sierra.a.6_0003,Google,Sierra.a.6,/mnt/galactica/google-dpc4/gtrace_v2_champsim_1.3Binstr/sierra.a.6/sierra.a.6_0003.champsim.gz
sierra.a.6_0004,Google,Sierra.a.6,/mnt/galactica/google-dpc4/gtrace_v2_champsim_1.3Binstr/sierra.a.6/sierra.a.6_0004.champsim.gz
sierra.a.6_0005,Google,Sierra.a.6,/mnt/galactica/google-dpc4/gtrace_v2_champsim_1.3Binstr/sierra.a.6/sierra.a.6_0005.champsim.gz
sierra.a.6_0006,Google,Sierra.a.6,/mnt/galactica/google-dpc4/gtrace_v2_champsim_1.3Binstr/sierra.a.6/sierra.a.6_0006.champsim.gz
sierra.a.6_0007,Google,Sierra.a.6,/mnt/galactica/google-dpc4/gtrace_v2_champsim_1.3Binstr/sierra.a.6/sierra.a.6_0007.champsim.gz
sierra.a.6_0008,Google,Sierra.a.6,/mnt/galactica/google-dpc4/gtrace_v2_champsim_1.3Binstr/sierra.a.6/sierra.a.6_0008.champsim.gz
sierra.a.6_0009,Google,Sierra.a.6,/mnt/galactica/google-dpc4/gtrace_v2_champsim_1.3Binstr/sierra.a.6/sierra.a.6_0009.champsim.gz
sierra.a.6_0010,Google,Sierra.a.6,/mnt/galactica/google-dpc4/gtrace_v2_champsim_1.3Binstr/sierra.a.6/sierra.a.6_0010.champsim.gz
sierra.a.6_0011,Google,Sierra.a.6,/mnt/galactica/google-dpc4/gtrace_v2_champsim_1.3Binstr/sierra.a.6/sierra.a.6_0011.champsim.gz
sierra.a.6_0012,Google,Sierra.a.6,/mnt/galactica/google-dpc4/gtrace_v2_champsim_1.3Binstr/sierra.a.6/sierra.a.6_0012.champsim.gz
sierra.a.6_0013,Google,Sierra.a.6,/mnt/galactica/google-dpc4/gtrace_v2_champsim_1.3Binstr/sierra.a.6/sierra.a.6_0013.champsim.gz
sierra.a.6_0014,Google,Sierra.a.6,/mnt/galactica/google-dpc4/gtrace_v2_champsim_1.3Binstr/sierra.a.6/sierra.a.6_0014.champsim.gz
sierra.a.6_0015,Google,Sierra.a.6,/mnt/galactica/google-dpc4/gtrace_v2_champsim_1.3Binstr/sierra.a.6/sierra.a.6_0015.champsim.gz
sierra.a.6_0016,Google,Sierra.a.6,/mnt/galactica/google-dpc4/gtrace_v2_champsim_1.3Binstr/sierra.a.6/sierra.a.6_0016.champsim.gz
sierra.a.6_0017,Google,Sierra.a.6,/mnt/galactica/google-dpc4/gtrace_v2_champsim_1.3Binstr/sierra.a.6/sierra.a.6_0017.champsim.gz
tahoe_0000,Google,Tahoe,/mnt/galactica/google-dpc4/gtrace_v2_champsim_1.3Binstr/tahoe/tahoe_0000.champsim.gz
tahoe_0001,Google,Tahoe,/mnt/galactica/google-dpc4/gtrace_v2_champsim_1.3Binstr/tahoe/tahoe_0001.champsim.gz
tahoe_0002,Google,Tahoe,/mnt/galactica/google-dpc4/gtrace_v2_champsim_1.3Binstr/tahoe/tahoe_0002.champsim.gz
tahoe_0003,Google,Tahoe,/mnt/galactica/google-dpc4/gtrace_v2_champsim_1.3Binstr/tahoe/tahoe_0003.champsim.gz
tahoe_0004,Google,Tahoe,/mnt/galactica/google-dpc4/gtrace_v2_champsim_1.3Binstr/tahoe/tahoe_0004.champsim.gz
tahoe_0005,Google,Tahoe,/mnt/galactica/google-dpc4/gtrace_v2_champsim_1.3Binstr/tahoe/tahoe_0005.champsim.gz
tahoe_0006,Google,Tahoe,/mnt/galactica/google-dpc4/gtrace_v2_champsim_1.3Binstr/tahoe/tahoe_0006.champsim.gz
tahoe_0007,Google,Tahoe,/mnt/galactica/google-dpc4/gtrace_v2_champsim_1.3Binstr/tahoe/tahoe_0007.champsim.gz
tahoe_0008,Google,Tahoe,/mnt/galactica/google-dpc4/gtrace_v2_champsim_1.3Binstr/tahoe/tahoe_0008.champsim.gz
tahoe_0009,Google,Tahoe,/mnt/galactica/google-dpc4/gtrace_v2_champsim_1.3Binstr/tahoe/tahoe_0009.champsim.gz
tahoe_0010,Google,Tahoe,/mnt/galactica/google-dpc4/gtrace_v2_champsim_1.3Binstr/tahoe/tahoe_0010.champsim.gz
tahoe_0011,Google,Tahoe,/mnt/galactica/google-dpc4/gtrace_v2_champsim_1.3Binstr/tahoe/tahoe_0011.champsim.gz
tahoe_0012,Google,Tahoe,/mnt/galactica/google-dpc4/gtrace_v2_champsim_1.3Binstr/tahoe/tahoe_0012.champsim.gz
tahoe_0013,Google,Tahoe,/mnt/galactica/google-dpc4/gtrace_v2_champsim_1.3Binstr/tahoe/tahoe_0013.champsim.gz
tahoe_0014,Google,Tahoe,/mnt/galactica/google-dpc4/gtrace_v2_champsim_1.3Binstr/tahoe/tahoe_0014.champsim.gz
tahoe_0015,Google,Tahoe,/mnt/galactica/google-dpc4/gtrace_v2_champsim_1.3Binstr/tahoe/tahoe_0015.champsim.gz
tahoe_0016,Google,Tahoe,/mnt/galactica/google-dpc4/gtrace_v2_champsim_1.3Binstr/tahoe/tahoe_0016.champsim.gz
tahoe_0017,Google,Tahoe,/mnt/galactica/google-dpc4/gtrace_v2_champsim_1.3Binstr/tahoe/tahoe_0017.champsim.gz
tahoe_0018,Google,Tahoe,/mnt/galactica/google-dpc4/gtrace_v2_champsim_1.3Binstr/tahoe/tahoe_0018.champsim.gz
tahoe_0019,Google,Tahoe,/mnt/galactica/google-dpc4/gtrace_v2_champsim_1.3Binstr/tahoe/tahoe_0019.champsim.gz
tahoe_0020,Google,Tahoe,/mnt/galactica/google-dpc4/gtrace_v2_champsim_1.3Binstr/tahoe/tahoe_0020.champsim.gz
tahoe_0021,Google,Tahoe,/mnt/galactica/google-dpc4/gtrace_v2_champsim_1.3Binstr/tahoe/tahoe_0021.champsim.gz
tahoe_0022,Google,Tahoe,/mnt/galactica/google-dpc4/gtrace_v2_champsim_1.3Binstr/tahoe/tahoe_0022.champsim.gz
tahoe_0023,Google,Tahoe,/mnt/galactica/google-dpc4/gtrace_v2_champsim_1.3Binstr/tahoe/tahoe_0023.champsim.gz
tahoe_0024,Google,Tahoe,/mnt/galactica/google-dpc4/gtrace_v2_champsim_1.3Binstr/tahoe/tahoe_0024.champsim.gz
tahoe_0025,Google,Tahoe,/mnt/galactica/google-dpc4/gtrace_v2_champsim_1.3Binstr/tahoe/tahoe_0025.champsim.gz
tahoe_0026,Google,Tahoe,/mnt/galactica/google-dpc4/gtrace_v2_champsim_1.3Binstr/tahoe/tahoe_0026.champsim.gz
tahoe_0027,Google,Tahoe,/mnt/galactica/google-dpc4/gtrace_v2_champsim_1.3Binstr/tahoe/tahoe_0027.champsim.gz
tahoe_0028,Google,Tahoe,/mnt/galactica/google-dpc4/gtrace_v2_champsim_1.3Binstr/tahoe/tahoe_0028.champsim.gz
tahoe_0029,Google,Tahoe,/mnt/galactica/google-dpc4/gtrace_v2_champsim_1.3Binstr/tahoe/tahoe_0029.champsim.gz
tahoe_0030,Google,Tahoe,/mnt/galactica/google-dpc4/gtrace_v2_champsim_1.3Binstr/tahoe/tahoe_0030.champsim.gz
tahoe_0031,Google,Tahoe,/mnt/galactica/google-dpc4/gtrace_v2_champsim_1.3Binstr/tahoe/tahoe_0031.champsim.gz
tahoe_0032,Google,Tahoe,/mnt/galactica/google-dpc4/gtrace_v2_champsim_1.3Binstr/tahoe/tahoe_0032.champsim.gz
tahoe_0033,Google,Tahoe,/mnt/galactica/google-dpc4/gtrace_v2_champsim_1.3Binstr/tahoe/tahoe_0033.champsim.gz
tahoe_0034,Google,Tahoe,/mnt/galactica/google-dpc4/gtrace_v2_champsim_1.3Binstr/tahoe/tahoe_0034.champsim.gz
tahoe_0035,Google,Tahoe,/mnt/galactica/google-dpc4/gtrace_v2_champsim_1.3Binstr/tahoe/tahoe_0035.champsim.gz
tahoe_0036,Google,Tahoe,/mnt/galactica/google-dpc4/gtrace_v2_champsim_1.3Binstr/tahoe/tahoe_0036.champsim.gz
tahoe_0037,Google,Tahoe,/mnt/galactica/google-dpc4/gtrace_v2_champsim_1.3Binstr/tahoe/tahoe_0037.champsim.gz
tahoe_0038,Google,Tahoe,/mnt/galactica/google-dpc4/gtrace_v2_champsim_1.3Binstr/tahoe/tahoe_0038.champsim.gz
tahoe_0039,Google,Tahoe,/mnt/galactica/google-dpc4/gtrace_v2_champsim_1.3Binstr/tahoe/tahoe_0039.champsim.gz
tango_0000,Google,Tango,/mnt/galactica/google-dpc4/gtrace_v2_champsim_1.3Binstr/tango/tango_0000.champsim.gz
tango_0001,Google,Tango,/mnt/galactica/google-dpc4/gtrace_v2_champsim_1.3Binstr/tango/tango_0001.champsim.gz
tango_0002,Google,Tango,/mnt/galactica/google-dpc4/gtrace_v2_champsim_1.3Binstr/tango/tango_0002.champsim.gz
tango_0003,Google,Tango,/mnt/galactica/google-dpc4/gtrace_v2_champsim_1.3Binstr/tango/tango_0003.champsim.gz
tango_0004,Google,Tango,/mnt/galactica/google-dpc4/gtrace_v2_champsim_1.3Binstr/tango/tango_0004.champsim.gz
tango_0005,Google,Tango,/mnt/galactica/google-dpc4/gtrace_v2_champsim_1.3Binstr/tango/tango_0005.champsim.gz
tango_0006,Google,Tango,/mnt/galactica/google-dpc4/gtrace_v2_champsim_1.3Binstr/tango/tango_0006.champsim.gz
tango_0007,Google,Tango,/mnt/galactica/google-dpc4/gtrace_v2_champsim_1.3Binstr/tango/tango_0007.champsim.gz
tango_0008,Google,Tango,/mnt/galactica/google-dpc4/gtrace_v2_champsim_1.3Binstr/tango/tango_0008.champsim.gz
tango_0009,Google,Tango,/mnt/galactica/google-dpc4/gtrace_v2_champsim_1.3Binstr/tango/tango_0009.champsim.gz
tango_0010,Google,Tango,/mnt/galactica/google-dpc4/gtrace_v2_champsim_1.3Binstr/tango/tango_0010.champsim.gz
tango_0011,Google,Tango,/mnt/galactica/google-dpc4/gtrace_v2_champsim_1.3Binstr/tango/tango_0011.champsim.gz
tango_0012,Google,Tango,/mnt/galactica/google-dpc4/gtrace_v2_champsim_1.3Binstr/tango/tango_0012.champsim.gz
tango_0013,Google,Tango,/mnt/galactica/google-dpc4/gtrace_v2_champsim_1.3Binstr/tango/tango_0013.champsim.gz
tango_0014,Google,Tango,/mnt/galactica/google-dpc4/gtrace_v2_champsim_1.3Binstr/tango/tango_0014.champsim.gz
tango_0015,Google,Tango,/mnt/galactica/google-dpc4/gtrace_v2_champsim_1.3Binstr/tango/tango_0015.champsim.gz
tango_0016,Google,Tango,/mnt/galactica/google-dpc4/gtrace_v2_champsim_1.3Binstr/tango/tango_0016.champsim.gz
tango_0017,Google,Tango,/mnt/galactica/google-dpc4/gtrace_v2_champsim_1.3Binstr/tango/tango_0017.champsim.gz
tango_0018,Google,Tango,/mnt/galactica/google-dpc4/gtrace_v2_champsim_1.3Binstr/tango/tango_0018.champsim.gz
tango_0019,Google,Tango,/mnt/galactica/google-dpc4/gtrace_v2_champsim_1.3Binstr/tango/tango_0019.champsim.gz
tango_0020,Google,Tango,/mnt/galactica/google-dpc4/gtrace_v2_champsim_1.3Binstr/tango/tango_0020.champsim.gz
tango_0021,Google,Tango,/mnt/galactica/google-dpc4/gtrace_v2_champsim_1.3Binstr/tango/tango_0021.champsim.gz
tango_0022,Google,Tango,/mnt/galactica/google-dpc4/gtrace_v2_champsim_1.3Binstr/tango/tango_0022.champsim.gz
tango_0023,Google,Tango,/mnt/galactica/google-dpc4/gtrace_v2_champsim_1.3Binstr/tango/tango_0023.champsim.gz
tango_0024,Google,Tango,/mnt/galactica/google-dpc4/gtrace_v2_champsim_1.3Binstr/tango/tango_0024.champsim.gz
tango_0025,Google,Tango,/mnt/galactica/google-dpc4/gtrace_v2_champsim_1.3Binstr/tango/tango_0025.champsim.gz
tango_0026,Google,Tango,/mnt/galactica/google-dpc4/gtrace_v2_champsim_1.3Binstr/tango/tango_0026.champsim.gz
tango_0027,Google,Tango,/mnt/galactica/google-dpc4/gtrace_v2_champsim_1.3Binstr/tango/tango_0027.champsim.gz
tango_0028,Google,Tango,/mnt/galactica/google-dpc4/gtrace_v2_champsim_1.3Binstr/tango/tango_0028.champsim.gz
tango_0029,Google,Tango,/mnt/galactica/google-dpc4/gtrace_v2_champsim_1.3Binstr/tango/tango_0029.champsim.gz
tango_0030,Google,Tango,/mnt/galactica/google-dpc4/gtrace_v2_champsim_1.3Binstr/tango/tango_0030.champsim.gz
tango_0031,Google,Tango,/mnt/galactica/google-dpc4/gtrace_v2_champsim_1.3Binstr/tango/tango_0031.champsim.gz
tango_0032,Google,Tango,/mnt/galactica/google-dpc4/gtrace_v2_champsim_1.3Binstr/tango/tango_0032.champsim.gz
tango_0033,Google,Tango,/mnt/galactica/google-dpc4/gtrace_v2_champsim_1.3Binstr/tango/tango_0033.champsim.gz
tango_0034,Google,Tango,/mnt/galactica/google-dpc4/gtrace_v2_champsim_1.3Binstr/tango/tango_0034.champsim.gz
tango_0035,Google,Tango,/mnt/galactica/google-dpc4/gtrace_v2_champsim_1.3Binstr/tango/tango_0035.champsim.gz
tango_0036,Google,Tango,/mnt/galactica/google-dpc4/gtrace_v2_champsim_1.3Binstr/tango/tango_0036.champsim.gz
tango_0037,Google,Tango,/mnt/galactica/google-dpc4/gtrace_v2_champsim_1.3Binstr/tango/tango_0037.champsim.gz
tango_0038,Google,Tango,/mnt/galactica/google-dpc4/gtrace_v2_champsim_1.3Binstr/tango/tango_0038.champsim.gz
tango_0039,Google,Tango,/mnt/galactica/google-dpc4/gtrace_v2_champsim_1.3Binstr/tango/tango_0039.champsim.gz
tango_0040,Google,Tango,/mnt/galactica/google-dpc4/gtrace_v2_champsim_1.3Binstr/tango/tango_0040.champsim.gz
tango_0041,Google,Tango,/mnt/galactica/google-dpc4/gtrace_v2_champsim_1.3Binstr/tango/tango_0041.champsim.gz
tango_0042,Google,Tango,/mnt/galactica/google-dpc4/gtrace_v2_champsim_1.3Binstr/tango/tango_0042.champsim.gz
tango_0043,Google,Tango,/mnt/galactica/google-dpc4/gtrace_v2_champsim_1.3Binstr/tango/tango_0043.champsim.gz
tango_0044,Google,Tango,/mnt/galactica/google-dpc4/gtrace_v2_champsim_1.3Binstr/tango/tango_0044.champsim.gz
tango_0045,Google,Tango,/mnt/galactica/google-dpc4/gtrace_v2_champsim_1.3Binstr/tango/tango_0045.champsim.gz
tango_0046,Google,Tango,/mnt/galactica/google-dpc4/gtrace_v2_champsim_1.3Binstr/tango/tango_0046.champsim.gz
tango_0047,Google,Tango,/mnt/galactica/google-dpc4/gtrace_v2_champsim_1.3Binstr/tango/tango_0047.champsim.gz
tango_0048,Google,Tango,/mnt/galactica/google-dpc4/gtrace_v2_champsim_1.3Binstr/tango/tango_0048.champsim.gz
tango_0049,Google,Tango,/mnt/galactica/google-dpc4/gtrace_v2_champsim_1.3Binstr/tango/tango_0049.champsim.gz
tango_0050,Google,Tango,/mnt/galactica/google-dpc4/gtrace_v2_champsim_1.3Binstr/tango/tango_0050.champsim.gz
whiskey_0000,Google,Whiskey,/mnt/galactica/google-dpc4/gtrace_v2_champsim_1.3Binstr/whiskey/whiskey_0000.champsim.gz
whiskey_0001,Google,Whiskey,/mnt/galactica/google-dpc4/gtrace_v2_champsim_1.3Binstr/whiskey/whiskey_0001.champsim.gz
yankee_0000,Google,Yankee,/mnt/galactica/google-dpc4/gtrace_v2_champsim_1.3Binstr/yankee/yankee_0000.champsim.gz
yankee_0001,Google,Yankee,/mnt/galactica/google-dpc4/gtrace_v2_champsim_1.3Binstr/yankee/yankee_0001.champsim.gz
yankee_0002,Google,Yankee,/mnt/galactica/google-dpc4/gtrace_v2_champsim_1.3Binstr/yankee/yankee_0002.champsim.gz
yankee_0003,Google,Yankee,/mnt/galactica/google-dpc4/gtrace_v2_champsim_1.3Binstr/yankee/yankee_0003.champsim.gz
yankee_0004,Google,Yankee,/mnt/galactica/google-dpc4/gtrace_v2_champsim_1.3Binstr/yankee/yankee_0004.champsim.gz
yankee_0005,Google,Yankee,/mnt/galactica/google-dpc4/gtrace_v2_champsim_1.3Binstr/yankee/yankee_0005.champsim.gz
yankee_0006,Google,Yankee,/mnt/galactica/google-dpc4/gtrace_v2_champsim_1.3Binstr/yankee/yankee_0006.champsim.gz
yankee_0007,Google,Yankee,/mnt/galactica/google-dpc4/gtrace_v2_champsim_1.3Binstr/yankee/yankee_0007.champsim.gz
yankee_0008,Google,Yankee,/mnt/galactica/google-dpc4/gtrace_v2_champsim_1.3Binstr/yankee/yankee_0008.champsim.gz
yankee_0009,Google,Yankee,/mnt/galactica/google-dpc4/gtrace_v2_champsim_1.3Binstr/yankee/yankee_0009.champsim.gz
yankee_0010,Google,Yankee,/mnt/galactica/google-dpc4/gtrace_v2_champsim_1.3Binstr/yankee/yankee_0010.champsim.gz
yankee_0011,Google,Yankee,/mnt/galactica/google-dpc4/gtrace_v2_champsim_1.3Binstr/yankee/yankee_0011.champsim.gz
yankee_0012,Google,Yankee,/mnt/galactica/google-dpc4/gtrace_v2_champsim_1.3Binstr/yankee/yankee_0012.champsim.gz
yankee_0013,Google,Yankee,/mnt/galactica/google-dpc4/gtrace_v2_champsim_1.3Binstr/yankee/yankee_0013.champsim.gz
yankee_0014,Google,Yankee,/mnt/galactica/google-dpc4/gtrace_v2_champsim_1.3Binstr/yankee/yankee_0014.champsim.gz
yankee_0015,Google,Yankee,/mnt/galactica/google-dpc4/gtrace_v2_champsim_1.3Binstr/yankee/yankee_0015.champsim.gz
yankee_0016,Google,Yankee,/mnt/galactica/google-dpc4/gtrace_v2_champsim_1.3Binstr/yankee/yankee_0016.champsim.gz
yankee_0017,Google,Yankee,/mnt/galactica/google-dpc4/gtrace_v2_champsim_1.3Binstr/yankee/yankee_0017.champsim.gz
yankee_0018,Google,Yankee,/mnt/galactica/google-dpc4/gtrace_v2_champsim_1.3Binstr/yankee/yankee_0018.champsim.gz
yankee_0019,Google,Yankee,/mnt/galactica/google-dpc4/gtrace_v2_champsim_1.3Binstr/yankee/yankee_0019.champsim.gz
yankee_0020,Google,Yankee,/mnt/galactica/google-dpc4/gtrace_v2_champsim_1.3Binstr/yankee/yankee_0020.champsim.gz
yankee_0021,Google,Yankee,/mnt/galactica/google-dpc4/gtrace_v2_champsim_1.3Binstr/yankee/yankee_0021.champsim.gz
yankee_0022,Google,Yankee,/mnt/galactica/google-dpc4/gtrace_v2_champsim_1.3Binstr/yankee/yankee_0022.champsim.gz
yankee_0023,Google,Yankee,/mnt/galactica/google-dpc4/gtrace_v2_champsim_1.3Binstr/yankee/yankee_0023.champsim.gz
yankee_0024,Google,Yankee,/mnt/galactica/google-dpc4/gtrace_v2_champsim_1.3Binstr/yankee/yankee_0024.champsim.gz
yankee_0025,Google,Yankee,/mnt/galactica/google-dpc4/gtrace_v2_champsim_1.3Binstr/yankee/yankee_0025.champsim.gz
yankee_0026,Google,Yankee,/mnt/galactica/google-dpc4/gtrace_v2_champsim_1.3Binstr/yankee/yankee_0026.champsim.gz
yankee_0027,Google,Yankee,/mnt/galactica/google-dpc4/gtrace_v2_champsim_1.3Binstr/yankee/yankee_0027.champsim.gz
yankee_0028,Google,Yankee,/mnt/galactica/google-dpc4/gtrace_v2_champsim_1.3Binstr/yankee/yankee_0028.champsim.gz
yankee_0029,Google,Yankee,/mnt/galactica/google-dpc4/gtrace_v2_champsim_1.3Binstr/yankee/yankee_0029.champsim.gz
yankee_0030,Google,Yankee,/mnt/galactica/google-dpc4/gtrace_v2_champsim_1.3Binstr/yankee/yankee_0030.champsim.gz
yankee_0031,Google,Yankee,/mnt/galactica/google-dpc4/gtrace_v2_champsim_1.3Binstr/yankee/yankee_0031.champsim.gz
yankee_0032,Google,Yankee,/mnt/galactica/google-dpc4/gtrace_v2_champsim_1.3Binstr/yankee/yankee_0032.champsim.gz
yankee_0033,Google,Yankee,/mnt/galactica/google-dpc4/gtrace_v2_champsim_1.3Binstr/yankee/yankee_0033.champsim.gz
yankee_0034,Google,Yankee,/mnt/galactica/google-dpc4/gtrace_v2_champsim_1.3Binstr/yankee/yankee_0034.champsim.gz
yankee_0035,Google,Yankee,/mnt/galactica/google-dpc4/gtrace_v2_champsim_1.3Binstr/yankee/yankee_0035.champsim.gz
yankee_0036,Google,Yankee,/mnt/galactica/google-dpc4/gtrace_v2_champsim_1.3Binstr/yankee/yankee_0036.champsim.gz
yankee_0037,Google,Yankee,/mnt/galactica/google-dpc4/gtrace_v2_champsim_1.3Binstr/yankee/yankee_0037.champsim.gz
yankee_0038,Google,Yankee,/mnt/galactica/google-dpc4/gtrace_v2_champsim_1.3Binstr/yankee/yankee_0038.champsim.gz
yankee_0039,Google,Yankee,/mnt/galactica/google-dpc4/gtrace_v2_champsim_1.3Binstr/yankee/yankee_0039.champsim.gz
yankee_0040,Google,Yankee,/mnt/galactica/google-dpc4/gtrace_v2_champsim_1.3Binstr/yankee/yankee_0040.champsim.gz
yankee_0041,Google,Yankee,/mnt/galactica/google-dpc4/gtrace_v2_champsim_1.3Binstr/yankee/yankee_0041.champsim.gz
yankee_0042,Google,Yankee,/mnt/galactica/google-dpc4/gtrace_v2_champsim_1.3Binstr/yankee/yankee_0042.champsim.gz
yankee_0043,Google,Yankee,/mnt/galactica/google-dpc4/gtrace_v2_champsim_1.3Binstr/yankee/yankee_0043.champsim.gz
yankee_0044,Google,Yankee,/mnt/galactica/google-dpc4/gtrace_v2_champsim_1.3Binstr/yankee/yankee_0044.champsim.gz
yankee_0045,Google,Yankee,/mnt/galactica/google-dpc4/gtrace_v2_champsim_1.3Binstr/yankee/yankee_0045.champsim.gz
yankee_0046,Google,Yankee,/mnt/galactica/google-dpc4/gtrace_v2_champsim_1.3Binstr/yankee/yankee_0046.champsim.gz
yankee_0047,Google,Yankee,/mnt/galactica/google-dpc4/gtrace_v2_champsim_1.3Binstr/yankee/yankee_0047.champsim.gz
yankee_0048,Google,Yankee,/mnt/galactica/google-dpc4/gtrace_v2_champsim_1.3Binstr/yankee/yankee_0048.champsim.gz
yankee_0049,Google,Yankee,/mnt/galactica/google-dpc4/gtrace_v2_champsim_1.3Binstr/yankee/yankee_0049.champsim.gz
yankee_0050,Google,Yankee,/mnt/galactica/google-dpc4/gtrace_v2_champsim_1.3Binstr/yankee/yankee_0050.champsim.gz
yankee_0051,Google,Yankee,/mnt/galactica/google-dpc4/gtrace_v2_champsim_1.3Binstr/yankee/yankee_0051.champsim.gz
yankee_0052,Google,Yankee,/mnt/galactica/google-dpc4/gtrace_v2_champsim_1.3Binstr/yankee/yankee_0052.champsim.gz
yankee_0053,Google,Yankee,/mnt/galactica/google-dpc4/gtrace_v2_champsim_1.3Binstr/yankee/yankee_0053.champsim.gz
yankee_0054,Google,Yankee,/mnt/galactica/google-dpc4/gtrace_v2_champsim_1.3Binstr/yankee/yankee_0054.champsim.gz
yankee_0055,Google,Yankee,/mnt/galactica/google-dpc4/gtrace_v2_champsim_1.3Binstr/yankee/yankee_0055.champsim.gz
yankee_0056,Google,Yankee,/mnt/galactica/google-dpc4/gtrace_v2_champsim_1.3Binstr/yankee/yankee_0056.champsim.gz
yankee_0057,Google,Yankee,/mnt/galactica/google-dpc4/gtrace_v2_champsim_1.3Binstr/yankee/yankee_0057.champsim.gz
yankee_0058,Google,Yankee,/mnt/galactica/google-dpc4/gtrace_v2_champsim_1.3Binstr/yankee/yankee_0058.champsim.gz
yankee_0059,Google,Yankee,/mnt/galactica/google-dpc4/gtrace_v2_champsim_1.3Binstr/yankee/yankee_0059.champsim.gz
yankee_0060,Google,Yankee,/mnt/galactica/google-dpc4/gtrace_v2_champsim_1.3Binstr/yankee/yankee_0060.champsim.gz
yankee_0061,Google,Yankee,/mnt/galactica/google-dpc4/gtrace_v2_champsim_1.3Binstr/yankee/yankee_0061.champsim.gz
yankee_0062,Google,Yankee,/mnt/galactica/google-dpc4/gtrace_v2_champsim_1.3Binstr/yankee/yankee_0062.champsim.gz
yankee_0063,Google,Yankee,/mnt/galactica/google-dpc4/gtrace_v2_champsim_1.3Binstr/yankee/yankee_0063.champsim.gz
yankee_0064,Google,Yankee,/mnt/galactica/google-dpc4/gtrace_v2_champsim_1.3Binstr/yankee/yankee_0064.champsim.gz
yankee_0065,Google,Yankee,/mnt/galactica/google-dpc4/gtrace_v2_champsim_1.3Binstr/yankee/yankee_0065.champsim.gz
yankee_0066,Google,Yankee,/mnt/galactica/google-dpc4/gtrace_v2_champsim_1.3Binstr/yankee/yankee_0066.champsim.gz
yankee_0067,Google,Yankee,/mnt/galactica/google-dpc4/gtrace_v2_champsim_1.3Binstr/yankee/yankee_0067.champsim.gz
yankee_0068,Google,Yankee,/mnt/galactica/google-dpc4/gtrace_v2_champsim_1.3Binstr/yankee/yankee_0068.champsim.gz
yankee_0069,Google,Yankee,/mnt/galactica/google-dpc4/gtrace_v2_champsim_1.3Binstr/yankee/yankee_0069.champsim.gz
yankee_0070,Google,Yankee,/mnt/galactica/google-dpc4/gtrace_v2_champsim_1.3Binstr/yankee/yankee_0070.champsim.gz
yankee_0071,Google,Yankee,/mnt/galactica/google-dpc4/gtrace_v2_champsim_1.3Binstr/yankee/yankee_0071.champsim.gz
yankee_0072,Google,Yankee,/mnt/galactica/google-dpc4/gtrace_v2_champsim_1.3Binstr/yankee/yankee_0072.champsim.gz
yankee_0073,Google,Yankee,/mnt/galactica/google-dpc4/gtrace_v2_champsim_1.3Binstr/yankee/yankee_0073.champsim.gz
yankee_0074,Google,Yankee,/mnt/galactica/google-dpc4/gtrace_v2_champsim_1.3Binstr/yankee/yankee_0074.champsim.gz
yankee_0075,Google,Yankee,/mnt/galactica/google-dpc4/gtrace_v2_champsim_1.3Binstr/yankee/yankee_0075.champsim.gz
yankee_0076,Google,Yankee,/mnt/galactica/google-dpc4/gtrace_v2_champsim_1.3Binstr/yankee/yankee_0076.champsim.gz
yankee_0077,Google,Yankee,/mnt/galactica/google-dpc4/gtrace_v2_champsim_1.3Binstr/yankee/yankee_0077.champsim.gz
yankee_0078,Google,Yankee,/mnt/galactica/google-dpc4/gtrace_v2_champsim_1.3Binstr/yankee/yankee_0078.champsim.gz
yankee_0079,Google,Yankee,/mnt/galactica/google-dpc4/gtrace_v2_champsim_1.3Binstr/yankee/yankee_0079.champsim.gz
yankee_0080,Google,Yankee,/mnt/galactica/google-dpc4/gtrace_v2_champsim_1.3Binstr/yankee/yankee_0080.champsim.gz
yankee_0081,Google,Yankee,/mnt/galactica/google-dpc4/gtrace_v2_champsim_1.3Binstr/yankee/yankee_0081.champsim.gz
yankee_0082,Google,Yankee,/mnt/galactica/google-dpc4/gtrace_v2_champsim_1.3Binstr/yankee/yankee_0082.champsim.gz
bc-0,Graph,GAP,/mnt/galactica/rahbera/tracezoo/champsim/gap/bc-0.trace.gz
bc-12,Graph,GAP,/mnt/galactica/rahbera/tracezoo/champsim/gap/bc-12.trace.gz
bc-3,Graph,GAP,/mnt/galactica/rahbera/tracezoo/champsim/gap/bc-3.trace.gz
bc-5,Graph,GAP,/mnt/galactica/rahbera/tracezoo/champsim/gap/bc-5.trace.gz
bfs-10,Graph,GAP,/mnt/galactica/rahbera/tracezoo/champsim/gap/bfs-10.trace.gz
bfs-14,Graph,GAP,/mnt/galactica/rahbera/tracezoo/champsim/gap/bfs-14.trace.gz
bfs-3,Graph,GAP,/mnt/galactica/rahbera/tracezoo/champsim/gap/bfs-3.trace.gz
bfs-8,Graph,GAP,/mnt/galactica/rahbera/tracezoo/champsim/gap/bfs-8.trace.gz
cc-13,Graph,GAP,/mnt/galactica/rahbera/tracezoo/champsim/gap/cc-13.trace.gz
cc-14,Graph,GAP,/mnt/galactica/rahbera/tracezoo/champsim/gap/cc-14.trace.gz
cc-5,Graph,GAP,/mnt/galactica/rahbera/tracezoo/champsim/gap/cc-5.trace.gz
pr-10,Graph,GAP,/mnt/galactica/rahbera/tracezoo/champsim/gap/pr-10.trace.gz
pr-14,Graph,GAP,/mnt/galactica/rahbera/tracezoo/champsim/gap/pr-14.trace.gz
pr-3,Graph,GAP,/mnt/galactica/rahbera/tracezoo/champsim/gap/pr-3.trace.gz
pr-5,Graph,GAP,/mnt/galactica/rahbera/tracezoo/champsim/gap/pr-5.trace.gz
sssp-10,Graph,GAP,/mnt/galactica/rahbera/tracezoo/champsim/gap/sssp-10.trace.gz
sssp-14,Graph,GAP,/mnt/galactica/rahbera/tracezoo/champsim/gap/sssp-14.trace.gz
sssp-3,Graph,GAP,/mnt/galactica/rahbera/tracezoo/champsim/gap/sssp-3.trace.gz
sssp-5,Graph,GAP,/mnt/galactica/rahbera/tracezoo/champsim/gap/sssp-5.trace.gz
gms.k_clique_count_set_based.soc-pokec-relationships.slice-1089,Graph,GMS,/mnt/galactica/rahbera/tracezoo/champsim/gms/gms.k_clique_count_set_based.soc-pokec-relationships.slice-1089.champsimtrace.gz
gms.k_clique_count_set_based.soc-pokec-relationships.slice-110,Graph,GMS,/mnt/galactica/rahbera/tracezoo/champsim/gms/gms.k_clique_count_set_based.soc-pokec-relationships.slice-110.champsimtrace.gz
gms.k_clique_count_set_based.soc-pokec-relationships.slice-34,Graph,GMS,/mnt/galactica/rahbera/tracezoo/champsim/gms/gms.k_clique_count_set_based.soc-pokec-relationships.slice-34.champsimtrace.gz
gms.k_clique_count_set_based.soc-pokec-relationships.slice-473,Graph,GMS,/mnt/galactica/rahbera/tracezoo/champsim/gms/gms.k_clique_count_set_based.soc-pokec-relationships.slice-473.champsimtrace.gz
gms.k_clique_count_set_based.soc-pokec-relationships.slice-4,Graph,GMS,/mnt/galactica/rahbera/tracezoo/champsim/gms/gms.k_clique_count_set_based.soc-pokec-relationships.slice-4.champsimtrace.gz
gms.k_clique_count_set_based.soc-pokec-relationships.slice-665,Graph,GMS,/mnt/galactica/rahbera/tracezoo/champsim/gms/gms.k_clique_count_set_based.soc-pokec-relationships.slice-665.champsimtrace.gz
gms.k_clique_count_set_based.soc-pokec-relationships.slice-807,Graph,GMS,/mnt/galactica/rahbera/tracezoo/champsim/gms/gms.k_clique_count_set_based.soc-pokec-relationships.slice-807.champsimtrace.gz
gms.k_clique_count_set_based.soc-pokec-relationships.slice-953,Graph,GMS,/mnt/galactica/rahbera/tracezoo/champsim/gms/gms.k_clique_count_set_based.soc-pokec-relationships.slice-953.champsimtrace.gz
gms.k_clique_list_danisch_edge_parallel.soc-pokec-relationships.slice-1052,Graph,GMS,/mnt/galactica/rahbera/tracezoo/champsim/gms/gms.k_clique_list_danisch_edge_parallel.soc-pokec-relationships.slice-1052.champsimtrace.gz
gms.k_clique_list_danisch_edge_parallel.soc-pokec-relationships.slice-1748,Graph,GMS,/mnt/galactica/rahbera/tracezoo/champsim/gms/gms.k_clique_list_danisch_edge_parallel.soc-pokec-relationships.slice-1748.champsimtrace.gz
gms.k_clique_list_danisch_edge_parallel.soc-pokec-relationships.slice-367,Graph,GMS,/mnt/galactica/rahbera/tracezoo/champsim/gms/gms.k_clique_list_danisch_edge_parallel.soc-pokec-relationships.slice-367.champsimtrace.gz
gms.k_clique_list_danisch_edge_parallel.soc-pokec-relationships.slice-389,Graph,GMS,/mnt/galactica/rahbera/tracezoo/champsim/gms/gms.k_clique_list_danisch_edge_parallel.soc-pokec-relationships.slice-389.champsimtrace.gz
gms.k_clique_list_danisch_edge_parallel.soc-pokec-relationships.slice-756,Graph,GMS,/mnt/galactica/rahbera/tracezoo/champsim/gms/gms.k_clique_list_danisch_edge_parallel.soc-pokec-relationships.slice-756.champsimtrace.gz
gms.k_clique_list_danisch_edge_parallel.soc-pokec-relationships.slice-784,Graph,GMS,/mnt/galactica/rahbera/tracezoo/champsim/gms/gms.k_clique_list_danisch_edge_parallel.soc-pokec-relationships.slice-784.champsimtrace.gz
gms.k_clique_list_danisch_edge_parallel.soc-pokec-relationships.slice-80,Graph,GMS,/mnt/galactica/rahbera/tracezoo/champsim/gms/gms.k_clique_list_danisch_edge_parallel.soc-pokec-relationships.slice-80.champsimtrace.gz
gms.k_clique_list_danisch_edge_parallel.soc-pokec-relationships.slice-911,Graph,GMS,/mnt/galactica/rahbera/tracezoo/champsim/gms/gms.k_clique_list_danisch_edge_parallel.soc-pokec-relationships.slice-911.champsimtrace.gz
gms.k_clique_list_danisch_node_parallel.soc-pokec-relationships.slice-1469,Graph,GMS,/mnt/galactica/rahbera/tracezoo/champsim/gms/gms.k_clique_list_danisch_node_parallel.soc-pokec-relationships.slice-1469.champsimtrace.gz
gms.k_clique_list_danisch_node_parallel.soc-pokec-relationships.slice-236,Graph,GMS,/mnt/galactica/rahbera/tracezoo/champsim/gms/gms.k_clique_list_danisch_node_parallel.soc-pokec-relationships.slice-236.champsimtrace.gz
gms.k_clique_list_danisch_node_parallel.soc-pokec-relationships.slice-248,Graph,GMS,/mnt/galactica/rahbera/tracezoo/champsim/gms/gms.k_clique_list_danisch_node_parallel.soc-pokec-relationships.slice-248.champsimtrace.gz
gms.k_clique_list_danisch_node_parallel.soc-pokec-relationships.slice-497,Graph,GMS,/mnt/galactica/rahbera/tracezoo/champsim/gms/gms.k_clique_list_danisch_node_parallel.soc-pokec-relationships.slice-497.champsimtrace.gz
gms.k_clique_list_danisch_node_parallel.soc-pokec-relationships.slice-744,Graph,GMS,/mnt/galactica/rahbera/tracezoo/champsim/gms/gms.k_clique_list_danisch_node_parallel.soc-pokec-relationships.slice-744.champsimtrace.gz
gms.k_clique_list_danisch_serial.soc-pokec-relationships.slice-28,Graph,GMS,/mnt/galactica/rahbera/tracezoo/champsim/gms/gms.k_clique_list_danisch_serial.soc-pokec-relationships.slice-28.champsimtrace.gz
gms.k_clique_list_danisch_serial.soc-pokec-relationships.slice-37,Graph,GMS,/mnt/galactica/rahbera/tracezoo/champsim/gms/gms.k_clique_list_danisch_serial.soc-pokec-relationships.slice-37.champsimtrace.gz
gms.k_clique_list_danisch_serial.soc-pokec-relationships.slice-48,Graph,GMS,/mnt/galactica/rahbera/tracezoo/champsim/gms/gms.k_clique_list_danisch_serial.soc-pokec-relationships.slice-48.champsimtrace.gz
gms.k_clique_list_danisch_serial.soc-pokec-relationships.slice-4,Graph,GMS,/mnt/galactica/rahbera/tracezoo/champsim/gms/gms.k_clique_list_danisch_serial.soc-pokec-relationships.slice-4.champsimtrace.gz
gms.k_clique_list_danisch_serial.soc-pokec-relationships.slice-56,Graph,GMS,/mnt/galactica/rahbera/tracezoo/champsim/gms/gms.k_clique_list_danisch_serial.soc-pokec-relationships.slice-56.champsimtrace.gz
gms.k_clique_star_list.soc-pokec-relationships.slice-1035,Graph,GMS,/mnt/galactica/rahbera/tracezoo/champsim/gms/gms.k_clique_star_list.soc-pokec-relationships.slice-1035.champsimtrace.gz
gms.k_clique_star_list.soc-pokec-relationships.slice-1291,Graph,GMS,/mnt/galactica/rahbera/tracezoo/champsim/gms/gms.k_clique_star_list.soc-pokec-relationships.slice-1291.champsimtrace.gz
gms.k_clique_star_list.soc-pokec-relationships.slice-696,Graph,GMS,/mnt/galactica/rahbera/tracezoo/champsim/gms/gms.k_clique_star_list.soc-pokec-relationships.slice-696.champsimtrace.gz
gms.maximal_clique_enum_bron_kerbosch.soc-pokec-relationships.slice-1099,Graph,GMS,/mnt/galactica/rahbera/tracezoo/champsim/gms/gms.maximal_clique_enum_bron_kerbosch.soc-pokec-relationships.slice-1099.champsimtrace.gz
gms.maximal_clique_enum_bron_kerbosch.soc-pokec-relationships.slice-3852,Graph,GMS,/mnt/galactica/rahbera/tracezoo/champsim/gms/gms.maximal_clique_enum_bron_kerbosch.soc-pokec-relationships.slice-3852.champsimtrace.gz
gms.maximal_clique_enum_bron_kerbosch.soc-pokec-relationships.slice-4814,Graph,GMS,/mnt/galactica/rahbera/tracezoo/champsim/gms/gms.maximal_clique_enum_bron_kerbosch.soc-pokec-relationships.slice-4814.champsimtrace.gz
gms.subgraphiso_vf2_sequential.soc-pokec-relationships.slice-1,Graph,GMS,/mnt/galactica/rahbera/tracezoo/champsim/gms/gms.subgraphiso_vf2_sequential.soc-pokec-relationships.slice-1.champsimtrace.gz
gms.subgraphiso_vf2_sequential.soc-pokec-relationships.slice-21,Graph,GMS,/mnt/galactica/rahbera/tracezoo/champsim/gms/gms.subgraphiso_vf2_sequential.soc-pokec-relationships.slice-21.champsimtrace.gz
gms.subgraphiso_vf2_sequential.soc-pokec-relationships.slice-27,Graph,GMS,/mnt/galactica/rahbera/tracezoo/champsim/gms/gms.subgraphiso_vf2_sequential.soc-pokec-relationships.slice-27.champsimtrace.gz
gms.subgraphiso_vf2_sequential.soc-pokec-relationships.slice-6,Graph,GMS,/mnt/galactica/rahbera/tracezoo/champsim/gms/gms.subgraphiso_vf2_sequential.soc-pokec-relationships.slice-6.champsimtrace.gz
gms.triangle_count.soc-pokec-relationships.slice-117,Graph,GMS,/mnt/galactica/rahbera/tracezoo/champsim/gms/gms.triangle_count.soc-pokec-relationships.slice-117.champsimtrace.gz
gms.triangle_count.soc-pokec-relationships.slice-137,Graph,GMS,/mnt/galactica/rahbera/tracezoo/champsim/gms/gms.triangle_count.soc-pokec-relationships.slice-137.champsimtrace.gz
gms.triangle_count.soc-pokec-relationships.slice-360,Graph,GMS,/mnt/galactica/rahbera/tracezoo/champsim/gms/gms.triangle_count.soc-pokec-relationships.slice-360.champsimtrace.gz
gms.triangle_count.soc-pokec-relationships.slice-413,Graph,GMS,/mnt/galactica/rahbera/tracezoo/champsim/gms/gms.triangle_count.soc-pokec-relationships.slice-413.champsimtrace.gz
gms.triangle_count.soc-pokec-relationships.slice-599,Graph,GMS,/mnt/galactica/rahbera/tracezoo/champsim/gms/gms.triangle_count.soc-pokec-relationships.slice-599.champsimtrace.gz
gms.triangle_count.soc-pokec-relationships.slice-677,Graph,GMS,/mnt/galactica/rahbera/tracezoo/champsim/gms/gms.triangle_count.soc-pokec-relationships.slice-677.champsimtrace.gz
gms.triangle_count.soc-pokec-relationships.slice-743,Graph,GMS,/mnt/galactica/rahbera/tracezoo/champsim/gms/gms.triangle_count.soc-pokec-relationships.slice-743.champsimtrace.gz
ligra_BellmanFord.com-lj.ungraph.gcc_6.3.0_O3.drop_22250M.length_250M,Graph,Ligra,/mnt/panzer/rahbera/pythia-dev/ChampSim/traces/ligra_BellmanFord.com-lj.ungraph.gcc_6.3.0_O3.drop_22250M.length_250M.champsimtrace.xz
ligra_BFSCC.com-lj.ungraph.gcc_6.3.0_O3.drop_15500M.length_250M,Graph,Ligra,/mnt/panzer/rahbera/pythia-dev/ChampSim/traces/ligra_BFSCC.com-lj.ungraph.gcc_6.3.0_O3.drop_15500M.length_250M.champsimtrace.xz
ligra_BFSCC.com-lj.ungraph.gcc_6.3.0_O3.drop_17000M.length_250M,Graph,Ligra,/mnt/panzer/rahbera/pythia-dev/ChampSim/traces/ligra_BFSCC.com-lj.ungraph.gcc_6.3.0_O3.drop_17000M.length_250M.champsimtrace.xz
ligra_CF.com-lj.ungraph.gcc_6.3.0_O3.drop_154750M.length_250M,Graph,Ligra,/mnt/panzer/rahbera/pythia-dev/ChampSim/traces/ligra_CF.com-lj.ungraph.gcc_6.3.0_O3.drop_154750M.length_250M.champsimtrace.xz
ligra_CF.com-lj.ungraph.gcc_6.3.0_O3.drop_184750M.length_250M,Graph,Ligra,/mnt/panzer/rahbera/pythia-dev/ChampSim/traces/ligra_CF.com-lj.ungraph.gcc_6.3.0_O3.drop_184750M.length_250M.champsimtrace.xz
ligra_Components.com-lj.ungraph.gcc_6.3.0_O3.drop_15750M.length_250M,Graph,Ligra,/mnt/panzer/rahbera/pythia-dev/ChampSim/traces/ligra_Components.com-lj.ungraph.gcc_6.3.0_O3.drop_15750M.length_250M.champsimtrace.xz
ligra_Components-Shortcut.com-lj.ungraph.gcc_6.3.0_O3.drop_17000M.length_250M,Graph,Ligra,/mnt/panzer/rahbera/pythia-dev/ChampSim/traces/ligra_Components-Shortcut.com-lj.ungraph.gcc_6.3.0_O3.drop_17000M.length_250M.champsimtrace.xz
ligra_Components-Shortcut.com-lj.ungraph.gcc_6.3.0_O3.drop_22000M.length_250M,Graph,Ligra,/mnt/panzer/rahbera/pythia-dev/ChampSim/traces/ligra_Components-Shortcut.com-lj.ungraph.gcc_6.3.0_O3.drop_22000M.length_250M.champsimtrace.xz
ligra_MIS.com-lj.ungraph.gcc_6.3.0_O3.drop_15750M.length_250M,Graph,Ligra,/mnt/panzer/rahbera/pythia-dev/ChampSim/traces/ligra_MIS.com-lj.ungraph.gcc_6.3.0_O3.drop_15750M.length_250M.champsimtrace.xz
ligra_MIS.com-lj.ungraph.gcc_6.3.0_O3.drop_21250M.length_250M,Graph,Ligra,/mnt/panzer/rahbera/pythia-dev/ChampSim/traces/ligra_MIS.com-lj.ungraph.gcc_6.3.0_O3.drop_21250M.length_250M.champsimtrace.xz
ligra_PageRank.com-lj.ungraph.gcc_6.3.0_O3.drop_51000M.length_250M,Graph,Ligra,/mnt/panzer/rahbera/pythia-dev/ChampSim/traces/ligra_PageRank.com-lj.ungraph.gcc_6.3.0_O3.drop_51000M.length_250M.champsimtrace.xz
ligra_PageRankDelta.com-lj.ungraph.gcc_6.3.0_O3.drop_17000M.length_250M,Graph,Ligra,/mnt/panzer/rahbera/pythia-dev/ChampSim/traces/ligra_PageRankDelta.com-lj.ungraph.gcc_6.3.0_O3.drop_17000M.length_250M.champsimtrace.xz
ligra_PageRankDelta.com-lj.ungraph.gcc_6.3.0_O3.drop_24000M.length_250M,Graph,Ligra,/mnt/panzer/rahbera/pythia-dev/ChampSim/traces/ligra_PageRankDelta.com-lj.ungraph.gcc_6.3.0_O3.drop_24000M.length_250M.champsimtrace.xz
ligra_PageRankDelta.com-lj.ungraph.gcc_6.3.0_O3.drop_6000M.length_250M,Graph,Ligra,/mnt/panzer/rahbera/pythia-dev/ChampSim/traces/ligra_PageRankDelta.com-lj.ungraph.gcc_6.3.0_O3.drop_6000M.length_250M.champsimtrace.xz
ligra_Radii.com-lj.ungraph.gcc_6.3.0_O3.drop_24500M.length_250M,Graph,Ligra,/mnt/panzer/rahbera/pythia-dev/ChampSim/traces/ligra_Radii.com-lj.ungraph.gcc_6.3.0_O3.drop_24500M.length_250M.champsimtrace.xz
ligra_Radii.com-lj.ungraph.gcc_6.3.0_O3.drop_25000M.length_250M,Graph,Ligra,/mnt/panzer/rahbera/pythia-dev/ChampSim/traces/ligra_Radii.com-lj.ungraph.gcc_6.3.0_O3.drop_25000M.length_250M.champsimtrace.xz
ligra_Triangle.com-lj.ungraph.gcc_6.3.0_O3.drop_25000M.length_250M,Graph,Ligra,/mnt/panzer/rahbera/pythia-dev/ChampSim/traces/ligra_Triangle.com-lj.ungraph.gcc_6.3.0_O3.drop_25000M.length_250M.champsimtrace.xz
602.gcc_s-1850B,SPEC17,SPECINT,/mnt/panzer/rahbera/pythia-dev/ChampSim/dpc3_traces/602.gcc_s-1850B.champsimtrace.xz
602.gcc_s-2226B,SPEC17,SPECINT,/mnt/panzer/rahbera/pythia-dev/ChampSim/dpc3_traces/602.gcc_s-2226B.champsimtrace.xz
602.gcc_s-2375B,SPEC17,SPECINT,/mnt/panzer/rahbera/pythia-dev/ChampSim/dpc3_traces/602.gcc_s-2375B.champsimtrace.xz
602.gcc_s-734B,SPEC17,SPECINT,/mnt/panzer/rahbera/pythia-dev/ChampSim/dpc3_traces/602.gcc_s-734B.champsimtrace.xz
603.bwaves_s-1080B,SPEC17,SPECINT,/mnt/panzer/rahbera/pythia-dev/ChampSim/dpc3_traces/603.bwaves_s-1080B.champsimtrace.xz
603.bwaves_s-1740B,SPEC17,SPECFP,/mnt/panzer/rahbera/pythia-dev/ChampSim/dpc3_traces/603.bwaves_s-1740B.champsimtrace.xz
603.bwaves_s-2609B,SPEC17,SPECFP,/mnt/panzer/rahbera/pythia-dev/ChampSim/dpc3_traces/603.bwaves_s-2609B.champsimtrace.xz
603.bwaves_s-2931B,SPEC17,SPECFP,/mnt/panzer/rahbera/pythia-dev/ChampSim/dpc3_traces/603.bwaves_s-2931B.champsimtrace.xz
603.bwaves_s-3699B,SPEC17,SPECFP,/mnt/panzer/rahbera/pythia-dev/ChampSim/dpc3_traces/603.bwaves_s-3699B.champsimtrace.xz
603.bwaves_s-5359B,SPEC17,SPECFP,/mnt/panzer/rahbera/pythia-dev/ChampSim/dpc3_traces/603.bwaves_s-5359B.champsimtrace.xz
603.bwaves_s-891B,SPEC17,SPECFP,/mnt/panzer/rahbera/pythia-dev/ChampSim/dpc3_traces/603.bwaves_s-891B.champsimtrace.xz
605.mcf_s-1152B,SPEC17,SPECINT,/mnt/panzer/rahbera/pythia-dev/ChampSim/dpc3_traces/605.mcf_s-1152B.champsimtrace.xz
605.mcf_s-1536B,SPEC17,SPECINT,/mnt/panzer/rahbera/pythia-dev/ChampSim/dpc3_traces/605.mcf_s-1536B.champsimtrace.xz
605.mcf_s-1554B,SPEC17,SPECINT,/mnt/panzer/rahbera/pythia-dev/ChampSim/dpc3_traces/605.mcf_s-1554B.champsimtrace.xz
605.mcf_s-1644B,SPEC17,SPECINT,/mnt/panzer/rahbera/pythia-dev/ChampSim/dpc3_traces/605.mcf_s-1644B.champsimtrace.xz
605.mcf_s-472B,SPEC17,SPECINT,/mnt/panzer/rahbera/pythia-dev/ChampSim/dpc3_traces/605.mcf_s-472B.champsimtrace.xz
605.mcf_s-484B,SPEC17,SPECINT,/mnt/panzer/rahbera/pythia-dev/ChampSim/dpc3_traces/605.mcf_s-484B.champsimtrace.xz
605.mcf_s-665B,SPEC17,SPECINT,/mnt/panzer/rahbera/pythia-dev/ChampSim/dpc3_traces/605.mcf_s-665B.champsimtrace.xz
605.mcf_s-782B,SPEC17,SPECINT,/mnt/panzer/rahbera/pythia-dev/ChampSim/dpc3_traces/605.mcf_s-782B.champsimtrace.xz
605.mcf_s-994B,SPEC17,SPECINT,/mnt/panzer/rahbera/pythia-dev/ChampSim/dpc3_traces/605.mcf_s-994B.champsimtrace.xz
607.cactuBSSN_s-2421B,SPEC17,SPECFP,/mnt/panzer/rahbera/pythia-dev/ChampSim/dpc3_traces/607.cactuBSSN_s-2421B.champsimtrace.xz
607.cactuBSSN_s-3477B,SPEC17,SPECFP,/mnt/panzer/rahbera/pythia-dev/ChampSim/dpc3_traces/607.cactuBSSN_s-3477B.champsimtrace.xz
607.cactuBSSN_s-4004B,SPEC17,SPECFP,/mnt/panzer/rahbera/pythia-dev/ChampSim/dpc3_traces/607.cactuBSSN_s-4004B.champsimtrace.xz
607.cactuBSSN_s-4248B,SPEC17,SPECFP,/mnt/panzer/rahbera/pythia-dev/ChampSim/dpc3_traces/607.cactuBSSN_s-4248B.champsimtrace.xz
619.lbm_s-2676B,SPEC17,SPECFP,/mnt/panzer/rahbera/pythia-dev/ChampSim/dpc3_traces/619.lbm_s-2676B.champsimtrace.xz
619.lbm_s-2677B,SPEC17,SPECFP,/mnt/panzer/rahbera/pythia-dev/ChampSim/dpc3_traces/619.lbm_s-2677B.champsimtrace.xz
619.lbm_s-3766B,SPEC17,SPECFP,/mnt/panzer/rahbera/pythia-dev/ChampSim/dpc3_traces/619.lbm_s-3766B.champsimtrace.xz
619.lbm_s-4268B,SPEC17,SPECFP,/mnt/panzer/rahbera/pythia-dev/ChampSim/dpc3_traces/619.lbm_s-4268B.champsimtrace.xz
620.omnetpp_s-141B,SPEC17,SPECINT,/mnt/panzer/rahbera/pythia-dev/ChampSim/dpc3_traces/620.omnetpp_s-141B.champsimtrace.xz
620.omnetpp_s-874B,SPEC17,SPECINT,/mnt/panzer/rahbera/pythia-dev/ChampSim/dpc3_traces/620.omnetpp_s-874B.champsimtrace.xz
621.wrf_s-575B,SPEC17,SPECFP,/mnt/panzer/rahbera/pythia-dev/ChampSim/dpc3_traces/621.wrf_s-575B.champsimtrace.xz
621.wrf_s-6673B,SPEC17,SPECFP,/mnt/panzer/rahbera/pythia-dev/ChampSim/dpc3_traces/621.wrf_s-6673B.champsimtrace.xz
621.wrf_s-8065B,SPEC17,SPECFP,/mnt/panzer/rahbera/pythia-dev/ChampSim/dpc3_traces/621.wrf_s-8065B.champsimtrace.xz
621.wrf_s-8100B,SPEC17,SPECFP,/mnt/panzer/rahbera/pythia-dev/ChampSim/dpc3_traces/621.wrf_s-8100B.champsimtrace.xz
623.xalancbmk_s-10B,SPEC17,SPECINT,/mnt/panzer/rahbera/pythia-dev/ChampSim/dpc3_traces/623.xalancbmk_s-10B.champsimtrace.xz
623.xalancbmk_s-165B,SPEC17,SPECINT,/mnt/panzer/rahbera/pythia-dev/ChampSim/dpc3_traces/623.xalancbmk_s-165B.champsimtrace.xz
623.xalancbmk_s-202B,SPEC17,SPECINT,/mnt/panzer/rahbera/pythia-dev/ChampSim/dpc3_traces/623.xalancbmk_s-202B.champsimtrace.xz
623.xalancbmk_s-325B,SPEC17,SPECINT,/mnt/panzer/rahbera/pythia-dev/ChampSim/dpc3_traces/623.xalancbmk_s-325B.champsimtrace.xz
623.xalancbmk_s-592B,SPEC17,SPECINT,/mnt/panzer/rahbera/pythia-dev/ChampSim/dpc3_traces/623.xalancbmk_s-592B.champsimtrace.xz
623.xalancbmk_s-700B,SPEC17,SPECINT,/mnt/panzer/rahbera/pythia-dev/ChampSim/dpc3_traces/623.xalancbmk_s-700B.champsimtrace.xz
625.x264_s-12B,SPEC17,SPECINT,/mnt/panzer/rahbera/pythia-dev/ChampSim/dpc3_traces/625.x264_s-12B.champsimtrace.xz
625.x264_s-18B,SPEC17,SPECINT,/mnt/panzer/rahbera/pythia-dev/ChampSim/dpc3_traces/625.x264_s-18B.champsimtrace.xz
625.x264_s-20B,SPEC17,SPECINT,/mnt/panzer/rahbera/pythia-dev/ChampSim/dpc3_traces/625.x264_s-20B.champsimtrace.xz
625.x264_s-33B,SPEC17,SPECINT,/mnt/panzer/rahbera/pythia-dev/ChampSim/dpc3_traces/625.x264_s-33B.champsimtrace.xz
625.x264_s-39B,SPEC17,SPECINT,/mnt/panzer/rahbera/pythia-dev/ChampSim/dpc3_traces/625.x264_s-39B.champsimtrace.xz
627.cam4_s-490B,SPEC17,SPECFP,/mnt/panzer/rahbera/pythia-dev/ChampSim/dpc3_traces/627.cam4_s-490B.champsimtrace.xz
627.cam4_s-573B,SPEC17,SPECFP,/mnt/panzer/rahbera/pythia-dev/ChampSim/dpc3_traces/627.cam4_s-573B.champsimtrace.xz
628.pop2_s-17B,SPEC17,SPECFP,/mnt/panzer/rahbera/pythia-dev/ChampSim/dpc3_traces/628.pop2_s-17B.champsimtrace.xz
631.deepsjeng_s-928B,SPEC17,SPECINT,/mnt/panzer/rahbera/pythia-dev/ChampSim/dpc3_traces/631.deepsjeng_s-928B.champsimtrace.xz
638.imagick_s-10316B,SPEC17,SPECFP,/mnt/panzer/rahbera/pythia-dev/ChampSim/dpc3_traces/638.imagick_s-10316B.champsimtrace.xz
638.imagick_s-4128B,SPEC17,SPECFP,/mnt/panzer/rahbera/pythia-dev/ChampSim/dpc3_traces/638.imagick_s-4128B.champsimtrace.xz
638.imagick_s-824B,SPEC17,SPECFP,/mnt/panzer/rahbera/pythia-dev/ChampSim/dpc3_traces/638.imagick_s-824B.champsimtrace.xz
641.leela_s-1052B,SPEC17,SPECINT,/mnt/panzer/rahbera/pythia-dev/ChampSim/dpc3_traces/641.leela_s-1052B.champsimtrace.xz
641.leela_s-1083B,SPEC17,SPECINT,/mnt/panzer/rahbera/pythia-dev/ChampSim/dpc3_traces/641.leela_s-1083B.champsimtrace.xz
641.leela_s-149B,SPEC17,SPECINT,/mnt/panzer/rahbera/pythia-dev/ChampSim/dpc3_traces/641.leela_s-149B.champsimtrace.xz
641.leela_s-334B,SPEC17,SPECINT,/mnt/panzer/rahbera/pythia-dev/ChampSim/dpc3_traces/641.leela_s-334B.champsimtrace.xz
641.leela_s-602B,SPEC17,SPECINT,/mnt/panzer/rahbera/pythia-dev/ChampSim/dpc3_traces/641.leela_s-602B.champsimtrace.xz
641.leela_s-800B,SPEC17,SPECINT,/mnt/panzer/rahbera/pythia-dev/ChampSim/dpc3_traces/641.leela_s-800B.champsimtrace.xz
641.leela_s-862B,SPEC17,SPECINT,/mnt/panzer/rahbera/pythia-dev/ChampSim/dpc3_traces/641.leela_s-862B.champsimtrace.xz
644.nab_s-12459B,SPEC17,SPECFP,/mnt/panzer/rahbera/pythia-dev/ChampSim/dpc3_traces/644.nab_s-12459B.champsimtrace.xz
644.nab_s-12521B,SPEC17,SPECFP,/mnt/panzer/rahbera/pythia-dev/ChampSim/dpc3_traces/644.nab_s-12521B.champsimtrace.xz
644.nab_s-5853B,SPEC17,SPECFP,/mnt/panzer/rahbera/pythia-dev/ChampSim/dpc3_traces/644.nab_s-5853B.champsimtrace.xz
644.nab_s-7928B,SPEC17,SPECFP,/mnt/panzer/rahbera/pythia-dev/ChampSim/dpc3_traces/644.nab_s-7928B.champsimtrace.xz
644.nab_s-9322B,SPEC17,SPECFP,/mnt/panzer/rahbera/pythia-dev/ChampSim/dpc3_traces/644.nab_s-9322B.champsimtrace.xz
648.exchange2_s-1227B,SPEC17,SPECINT,/mnt/panzer/rahbera/pythia-dev/ChampSim/dpc3_traces/648.exchange2_s-1227B.champsimtrace.xz
648.exchange2_s-1247B,SPEC17,SPECINT,/mnt/panzer/rahbera/pythia-dev/ChampSim/dpc3_traces/648.exchange2_s-1247B.champsimtrace.xz
648.exchange2_s-1511B,SPEC17,SPECINT,/mnt/panzer/rahbera/pythia-dev/ChampSim/dpc3_traces/648.exchange2_s-1511B.champsimtrace.xz
648.exchange2_s-1699B,SPEC17,SPECINT,/mnt/panzer/rahbera/pythia-dev/ChampSim/dpc3_traces/648.exchange2_s-1699B.champsimtrace.xz
648.exchange2_s-1712B,SPEC17,SPECINT,/mnt/panzer/rahbera/pythia-dev/ChampSim/dpc3_traces/648.exchange2_s-1712B.champsimtrace.xz
648.exchange2_s-210B,SPEC17,SPECINT,/mnt/panzer/rahbera/pythia-dev/ChampSim/dpc3_traces/648.exchange2_s-210B.champsimtrace.xz
648.exchange2_s-353B,SPEC17,SPECINT,/mnt/panzer/rahbera/pythia-dev/ChampSim/dpc3_traces/648.exchange2_s-353B.champsimtrace.xz
648.exchange2_s-387B,SPEC17,SPECINT,/mnt/panzer/rahbera/pythia-dev/ChampSim/dpc3_traces/648.exchange2_s-387B.champsimtrace.xz
648.exchange2_s-584B,SPEC17,SPECINT,/mnt/panzer/rahbera/pythia-dev/ChampSim/dpc3_traces/648.exchange2_s-584B.champsimtrace.xz
648.exchange2_s-72B,SPEC17,SPECINT,/mnt/panzer/rahbera/pythia-dev/ChampSim/dpc3_traces/648.exchange2_s-72B.champsimtrace.xz
649.fotonik3d_s-10881B,SPEC17,SPECFP,/mnt/panzer/rahbera/pythia-dev/ChampSim/dpc3_traces/649.fotonik3d_s-10881B.champsimtrace.xz
649.fotonik3d_s-1176B,SPEC17,SPECFP,/mnt/panzer/rahbera/pythia-dev/ChampSim/dpc3_traces/649.fotonik3d_s-1176B.champsimtrace.xz
649.fotonik3d_s-1B,SPEC17,SPECFP,/mnt/panzer/rahbera/pythia-dev/ChampSim/dpc3_traces/649.fotonik3d_s-1B.champsimtrace.xz
649.fotonik3d_s-7084B,SPEC17,SPECFP,/mnt/panzer/rahbera/pythia-dev/ChampSim/dpc3_traces/649.fotonik3d_s-7084B.champsimtrace.xz
649.fotonik3d_s-8225B,SPEC17,SPECFP,/mnt/panzer/rahbera/pythia-dev/ChampSim/dpc3_traces/649.fotonik3d_s-8225B.champsimtrace.xz
654.roms_s-1007B,SPEC17,SPECFP,/mnt/panzer/rahbera/pythia-dev/ChampSim/dpc3_traces/654.roms_s-1007B.champsimtrace.xz
654.roms_s-1021B,SPEC17,SPECFP,/mnt/panzer/rahbera/pythia-dev/ChampSim/dpc3_traces/654.roms_s-1021B.champsimtrace.xz
654.roms_s-1070B,SPEC17,SPECFP,/mnt/panzer/rahbera/pythia-dev/ChampSim/dpc3_traces/654.roms_s-1070B.champsimtrace.xz
654.roms_s-1390B,SPEC17,SPECFP,/mnt/panzer/rahbera/pythia-dev/ChampSim/dpc3_traces/654.roms_s-1390B.champsimtrace.xz
654.roms_s-1613B,SPEC17,SPECFP,/mnt/panzer/rahbera/pythia-dev/ChampSim/dpc3_traces/654.roms_s-1613B.champsimtrace.xz
654.roms_s-293B,SPEC17,SPECFP,/mnt/panzer/rahbera/pythia-dev/ChampSim/dpc3_traces/654.roms_s-293B.champsimtrace.xz
654.roms_s-294B,SPEC17,SPECFP,/mnt/panzer/rahbera/pythia-dev/ChampSim/dpc3_traces/654.roms_s-294B.champsimtrace.xz
654.roms_s-523B,SPEC17,SPECFP,/mnt/panzer/rahbera/pythia-dev/ChampSim/dpc3_traces/654.roms_s-523B.champsimtrace.xz
654.roms_s-842B,SPEC17,SPECFP,/mnt/panzer/rahbera/pythia-dev/ChampSim/dpc3_traces/654.roms_s-842B.champsimtrace.xz
657.xz_s-2302B,SPEC17,SPECINT,/mnt/panzer/rahbera/pythia-dev/ChampSim/dpc3_traces/657.xz_s-2302B.champsimtrace.xz
657.xz_s-3167B,SPEC17,SPECINT,/mnt/panzer/rahbera/pythia-dev/ChampSim/dpc3_traces/657.xz_s-3167B.champsimtrace.xz
657.xz_s-4994B,SPEC17,SPECINT,/mnt/panzer/rahbera/pythia-dev/ChampSim/dpc3_traces/657.xz_s-4994B.champsimtrace.xz
657.xz_s-56B,SPEC17,SPECINT,/mnt/panzer/rahbera/pythia-dev/ChampSim/dpc3_traces/657.xz_s-56B.champsimtrace.xz
